Sentence,caption,word_labels
0,lembrete 2° lote está esgotando então corre garante logo seu ingresso pro aquece fortaleza nessa sexta o dia 15 de março nosso encontro no colosso com primeira edição do @aquece.fortaleza preparamos uma festa inesquecível preparem-se para aquecer junto com @alanzimcoreano @nuziomedeiros @jotave_of várias surpresas ️ aquece fortaleza 15 de março vendas https://outgo.com.br/aquece informações 85 99691-0824 colosso fortaleza/ce . @r10producoes_ @acerteiproducoes @1beat.agencia #fortaleza #colosso #aquece,"['O', 'O', 'O', 'O', 'O', 'O', 'O', 'O', 'O', 'O', 'O', 'O', 'B-EVT', 'I-EVT', 'O', 'O', 'O', 'O', 'O', 'O', 'O', 'O', 'O', 'O', 'B-LOC', 'O', 'O', 'O', 'O', 'O', 'O', 'O', 'O', 'O', 'O', 'O', 'O', 'O', 'O', 'O', 'O', 'O', 'O', 'O', 'O', 'B-EVT', 'I-EVT', 'B-DATE', 'I-DATE', 'I-DATE', 'O', 'B-LINK', 'O', 'O', 'O', 'B-LOC', 'I-LOC', 'O', 'O', 'O', 'O', 'O', 'B-EVT', 'B-EVT']"
1,vendas abertas ️não perca tempo já garanta sua entrada vai ser fogo gasolina esse encontro inesquecível do trio @henriqueejuliano @nattan em fortaleza no colosso stage ingressos www.limitezero.art.br,"['O', 'O', 'O', 'O', 'O', 'O', 'O', 'O', 'O', 'O', 'O', 'B-EVT', 'I-EVT', 'O', 'O', 'O', 'O', 'O', 'B-ART', 'B-ART', 'O', 'B-LOC', 'O', 'B-LOC', 'O', 'O', 'B-LINK']"
2,playa cumbuco semana santa 2024 vendas no link da bio mais informações no direct,"['B-EVT', 'B-LOC', 'I-EVT', 'I-EVT', 'I-EVT', 'O', 'O', 'O', 'O', 'O', 'O', 'O', 'O', 'O']"
3,dia 06.04 @praiow vai ser palco de apresentações de tirar fôlego @mazmusic @matheusmeca @mojjo vão desembarcar em fortaleza o encontro beira mar promete já garantiu sua entrada corre que ainda dá tempo www.praiow.com.br,"['O', 'B-DATE', 'B-EVT', 'O', 'O', 'O', 'O', 'O', 'O', 'O', 'O', 'B-ART', 'B-ART', 'B-ART', 'O', 'O', 'O', 'B-LOC', 'O', 'O', 'O', 'O', 'O', 'O', 'O', 'O', 'O', 'O', 'O', 'O', 'O', 'O', 'B-LINK']"
4,vendas todo vapor corre logo no site efolia garanta seu ingresso antes que acabe pois dia 23 de março todos os caminhos te levarão ao @kukukaya vamos ter encontro de milhões de batista lima lagosta bronzeada link de vendas na bio #kukukaya #forrodasantigas #forropedeserra,"['O', 'O', 'O', 'O', 'O', 'O', 'O', 'B-LINK', 'O', 'O', 'O', 'O', 'O', 'O', 'O', 'O', 'B-DATE', 'I-DATE', 'I-DATE', 'O', 'O', 'O', 'O', 'O', 'O', 'B-EVT', 'O', 'O', 'O', 'O', 'O', 'O', 'B-ART', 'I-ART', 'B-ART', 'I-ART', 'O', 'O', 'O', 'O', 'O', 'B-EVT', 'O', 'O']"
5,são eles @guilhermeebenuto confirmado 3º participação do dvd do henry dia 17.03 em fortaleza/ce #tudoviraterapia no dvd do henry junto com @guilhermeebenuto prepara coração que eles vem com tudo #henryfreitas #guilhermeebenuto,"['O', 'O', 'B-ART', 'O', 'O', 'O', 'O', 'B-EVT', 'I-EVT', 'I-EVT', 'O', 'B-DATE', 'O', 'B-LOC', 'O', 'O', 'B-EVT', 'O', 'O', 'O', 'O', 'B-ART', 'O', 'O', 'O', 'O', 'O', 'O', 'O', 'O', 'O']"
6,vocês imaginam que essa turma tá preparando para esse fds em fortaleza preparem-se que oficialmente começamos nessa sexta com aquece no colosso ️‍ vamos aquecer junto com @alanzimcoreano @nuziomedeiros @jotave_of várias surpresas ️ aquece fortaleza 15 de março vendas https://outgo.com.br/aquece informações 85 99691-0824 colosso fortaleza/ce . @r10producoes_ @acerteiproducoes @1beat.agencia #fortaleza #colosso #aquece,"['O', 'O', 'O', 'O', 'O', 'O', 'O', 'O', 'O', 'O', 'O', 'O', 'O', 'O', 'O', 'O', 'O', 'O', 'O', 'B-EVT', 'O', 'B-LOC', 'O', 'O', 'O', 'O', 'O', 'B-ART', 'O', 'O', 'O', 'O', 'O', 'B-EVT', 'I-EVT', 'O', 'O', 'O', 'O', 'B-LINK', 'O', 'O', 'O', 'B-LOC', 'I-LOC', 'O', 'O', 'O', 'O', 'I-LOC', 'B-LOC', 'B-EVT']"
7,ei quixeramobim faltam 4 dias para nosso encontro o rey das vaquejadas @reyvaqueiro tem um convite especial para este sábado na casa de shows arreio de prata pontos de venda online virtual ticket www.virtualticket.com.br/eventos/a-mais-romantica-e-o-rey venda física quixeramobim divino 88 casa do bebê quixadá tella são miguel josé amâncio mercantil #seudesejo #ceará #reyvaqueiro #quixeramobim #amaisromântica #claudioneyejuliana #éorey,"['O', 'O', 'O', 'O', 'O', 'O', 'O', 'O', 'O', 'B-ART', 'O', 'O', 'B-ART', 'O', 'O', 'O', 'O', 'O', 'O', 'O', 'O', 'O', 'O', 'O', 'B-LOC', 'I-LOC', 'I-LOC', 'O', 'O', 'O', 'O', 'O', 'O', 'B-LINK', 'O', 'O', 'O', 'O', 'O', 'O', 'O', 'O', 'O', 'O', 'O', 'O', 'O', 'O', 'O', 'O', 'O', 'B-ART', 'O', 'O', 'O', 'O']"
8,essa vai ser estréia do henry freitas no palco do playa já estamos animados para aproveitar esse show com vocês ️os ventos nos levam para um novo destino 28 29 30 de março cumbuco ce ingressos disponíveis link na bio mais informações no direct,"['O', 'O', 'O', 'O', 'O', 'B-ART', 'I-ART', 'O', 'O', 'O', 'B-EVT', 'O', 'O', 'O', 'O', 'O', 'O', 'O', 'O', 'O', 'O', 'O', 'O', 'O', 'O', 'O', 'O', 'O', 'O', 'O', 'O', 'O', 'O', 'B-LOC', 'O', 'O', 'O', 'O', 'O', 'O', 'O', 'O', 'O', 'O']"
9,amanhã virada de lote lote atual encerra amanhã quarta feira 13 de março corre garanta já seu ingresso para garota vip fortaleza a partir de quinta-feira 14 de março novos valores garanta seu ingresso pontos físicos rancho do poço oscar benevides 90 mondubim fortaleza-ce lojas ponto da moda maracanaú end.: dezesseis 331 jereissati maracanaú ce 61900-230 shopping eusébio end.: e040 av eusébio de queiroz 1890 loja 10 tamatanduba eusébio ce centro end guilherme rocha 203 centro shopping rio mar kennedy end.: av sgt hermínio sampaio 3100 pres kennedy fortaleza ce messejana av frei cirilo 172 messejana fortaleza ce north shopping jóquei av lineu machado 419 jóquei clube fortaleza ce venda on-line https://www.virtualticket.com.br/eventos/garota-vip-fortaleza-2024 #garotavip #fortaleza #ceará #savethedate #sóosfortesentendem #wesleysafadão #camaroteshows #luansantana #leosantana #marierayane,"['O', 'O', 'O', 'O', 'O', 'O', 'O', 'O', 'O', 'O', 'O', 'O', 'O', 'O', 'O', 'O', 'O', 'O', 'O', 'B-EVT', 'I-EVT', 'I-EVT', 'O', 'O', 'O', 'O', 'B-DATE', 'I-DATE', 'I-DATE', 'O', 'O', 'O', 'O', 'O', 'O', 'O', 'O', 'O', 'O', 'O', 'O', 'O', 'O', 'O', 'O', 'O', 'O', 'O', 'O', 'O', 'O', 'O', 'O', 'O', 'O', 'O', 'O', 'O', 'O', 'O', 'O', 'O', 'O', 'O', 'O', 'O', 'O', 'O', 'O', 'O', 'O', 'O', 'O', 'O', 'O', 'O', 'O', 'O', 'O', 'O', 'O', 'O', 'O', 'O', 'O', 'O', 'O', 'O', 'O', 'O', 'O', 'O', 'O', 'O', 'O', 'O', 'O', 'O', 'O', 'O', 'O', 'O', 'O', 'O', 'O', 'O', 'O', 'O', 'O', 'O', 'O', 'B-LINK', 'O', 'O', 'O', 'O', 'O', 'B-ART', 'B-ART', 'B-ART', 'B-ART', 'B-ART']"
10,amanhã dia 13 de março general vai parar com essa super festa em comemoração aos 67 anos do município essa tá imperdível pra quem curte aquele forró de qualidade por que vai ter @zecantor @tatygirl @galiciacruzz é amanhã 13 de março na praça josé firmo aguiar partir das 22h você não vai querer perder essa #generalsampaio #tatygirl #zecantor #galícia #general67anos,"['O', 'O', 'O', 'O', 'O', 'O', 'O', 'O', 'O', 'O', 'B-EVT', 'I-EVT', 'I-EVT', 'I-EVT', 'I-EVT', 'I-EVT', 'I-EVT', 'I-EVT', 'I-EVT', 'O', 'O', 'O', 'O', 'O', 'O', 'O', 'O', 'O', 'O', 'O', 'O', 'O', 'O', 'B-ART', 'B-ART', 'B-ART', 'O', 'O', 'B-DATE', 'I-DATE', 'I-DATE', 'O', 'O', 'O', 'O', 'O', 'O', 'O', 'O', 'O', 'O', 'O', 'O', 'O', 'O', 'O', 'B-ART', 'B-ART', 'B-ART', 'O']"
11,fortaleza ainda dá tempo os últimos ingressos para show imperdível de tarja marko hietala em fortaleza ainda estão disponíveis não perca tempo garanta seu lugar para essa experiência única corra compre já antes que esgote link na bio crédito vídeo @toplinkmusic #showfortaleza #taja #markohietala #ingressos,"['B-LOC', 'O', 'O', 'O', 'O', 'O', 'O', 'O', 'B-EVT', 'I-EVT', 'I-EVT', 'I-EVT', 'I-EVT', 'I-EVT', 'I-EVT', 'I-EVT', 'O', 'O', 'O', 'O', 'O', 'O', 'O', 'O', 'O', 'O', 'O', 'O', 'O', 'O', 'O', 'O', 'O', 'O', 'O', 'O', 'O', 'O', 'O', 'O', 'O', 'O', 'B-ART', 'B-ART', 'O']"
12,quem sabe fazer resenha melhor que eles ninguém no brasil nossa line completa dividida por dia chegou e amanhã partir das 12h você poderá garantir seu ingresso avulso para curtir qualquer dia do feriadão com gente em cumbuco os ventos nos levam para um novo destino 28 29 30 de março cumbuco ce ingressos disponíveis link na bio,"['O', 'O', 'O', 'O', 'O', 'O', 'O', 'O', 'O', 'O', 'O', 'O', 'O', 'O', 'O', 'O', 'O', 'O', 'O', 'O', 'O', 'O', 'O', 'O', 'O', 'O', 'O', 'O', 'O', 'O', 'O', 'O', 'O', 'O', 'O', 'O', 'O', 'B-LOC', 'O', 'O', 'O', 'O', 'O', 'O', 'O', 'O', 'B-DATE', 'I-DATE', 'I-DATE', 'I-DATE', 'I-DATE', 'B-LOC', 'I-LOC', 'O', 'O', 'O', 'O', 'O']"
13,o trio mais apocalíptico de todos vai chegar em fortaleza @henriqueejuliano @nattan prometem uma noite com muito fogo gasolina dia 18 de maio no colosso stage aguardem mais informações avisem os amigos vendas em breve,"['O', 'O', 'O', 'O', 'O', 'O', 'O', 'O', 'O', 'O', 'B-ART', 'B-ART', 'O', 'O', 'O', 'O', 'O', 'O', 'O', 'O', 'B-DATE', 'I-DATE', 'I-DATE', 'O', 'B-LOC', 'I-LOC', 'O', 'O', 'O', 'O', 'O', 'O', 'O', 'O', 'O']"
14,pedro sampaio primeira participação do dvd do henry tá confirmada pedro sampaio dia 17 de março tudo vira terapia em fortaleza tudo vira terapia dvd henry freitas 17 de março colosso fortaleza/ce https://brasilticket.com.br/gravacao-do-dvd-tudo-vira-terapia-henry-freitas.html,"['B-ART', 'I-ART', 'O', 'O', 'O', 'O', 'O', 'O', 'O', 'O', 'B-ART', 'O', 'O', 'B-DATE', 'I-DATE', 'I-DATE', 'B-EVT', 'I-EVT', 'I-EVT', 'O', 'B-LOC', 'B-EVT', 'I-EVT', 'I-EVT', 'O', 'O', 'O', 'B-DATE', 'I-DATE', 'I-DATE', 'B-LOC', 'I-LOC', 'B-LINK']"
15,que encontro fenômeno o original @nattan @zevaqueiro só vem ssvale 2024 o maior evento do interior do ceará no @zoadashows em limoeiro,"['O', 'B-EVT', 'I-EVT', 'I-EVT', 'I-EVT', 'B-ART', 'B-ART', 'O', 'O', 'O', 'O', 'O', 'O', 'O', 'O', 'O', 'O', 'O', 'O', 'B-LOC', 'I-LOC', 'I-LOC']"
16,faltam 10 dias para noite mais esperada desejeiros gravação do dvd nosso tempo agora do @seudesejo viveremos uma experiência inesquecível conectando sentimentos com yara tchê alessandro dia 9 de março no marina park em fortaleza um espetáculo jamais visto com as participações especiais de wesley safadão walkyria santos taty girl pontos de venda online virtual ticket https://www.virtualticket.com.br/eventos/gravacao-dvd-seu-desejo-fortaleza venda física rancho do poço lojas ponto da moda north shopping jóquei riomar kennedy messejana centro loja central shopping eusébio @seudesejo @camaroteshows @betvip #seudesejo #camaroteshows #fortaleza #nossotempoeagora #yaratchê #alessandrocosta,"['O', 'O', 'O', 'O', 'O', 'O', 'O', 'O', 'B-EVT', 'I-EVT', 'I-EVT', 'I-EVT', 'I-EVT', 'I-EVT', 'O', 'O', 'O', 'O', 'O', 'O', 'O', 'O', 'O', 'B-ART', 'I-ART', 'B-ART', 'O', 'B-DATE', 'I-DATE', 'I-DATE', 'O', 'B-LOC', 'I-LOC', 'I-LOC', 'I-LOC', 'O', 'O', 'O', 'O', 'O', 'O', 'O', 'O', 'O', 'B-ART', 'I-ART', 'B-ART', 'I-ART', 'B-ART', 'I-ART', 'O', 'O', 'O', 'O', 'O', 'O', 'B-LINK', 'O', 'O', 'O', 'O', 'O', 'O', 'O', 'O', 'O', 'O', 'O', 'O', 'O', 'O', 'O', 'O', 'O', 'O', 'O', 'O', 'O', 'O', 'O', 'O', 'O', 'B-LOC', 'I-EVT', 'B-ART', 'B-ART']"
17,é terapia 1000% chegando em chorozinho vocês pediram a gente atendeu fenômeno @henryfreitas tá vindo com tudo para celebrar os 37 anos da nossa cidade #chorozinho37anos #celebrandoconquistas @gov.municipaldechorozinho @dr.juniorprefeito,"['O', 'B-EVT', 'I-EVT', 'O', 'O', 'B-LOC', 'O', 'O', 'O', 'O', 'O', 'O', 'B-ART', 'O', 'O', 'O', 'O', 'O', 'O', 'O', 'O', 'O', 'O', 'O', 'O', 'O', 'O', 'O', 'O']"
18,contando cada minuto pra curtir com as melhores atrações no @garotavip fortaleza dia 27 de abril eles estão chegando com tudoooo nosso líder @wesleysafadao mais @leosantana @luansantana @marierayaneoficial #garotavip #fortaleza #ceará #savethedate #sóosfortesentendem #wesleysafadão #camaroteshows #luansantana #leosanta na #marierayane,"['O', 'O', 'O', 'O', 'O', 'O', 'O', 'O', 'O', 'O', 'B-ART', 'O', 'O', 'B-DATE', 'I-DATE', 'I-DATE', 'O', 'O', 'O', 'O', 'O', 'O', 'O', 'O', 'O', 'O', 'O', 'O', 'O', 'O', 'O', 'O', 'O', 'B-ART', 'O', 'B-ART', 'B-ART', 'O', 'B-ART']"
19,hoje tem virada de lote última chance de garantir seu pass promocional acesse site da ingresse agora os ventos nos levam para um novo destino 28 29 30 de março cumbuco ce ingressos disponíveis link na bio,"['O', 'O', 'O', 'O', 'O', 'O', 'O', 'O', 'O', 'O', 'O', 'O', 'O', 'O', 'O', 'O', 'O', 'O', 'O', 'O', 'O', 'O', 'O', 'O', 'O', 'B-DATE', 'I-DATE', 'I-DATE', 'I-DATE', 'I-DATE', 'B-LOC', 'I-LOC', 'O', 'O', 'O', 'O', 'O']"
20,marque os amigos avisa que 6 de abril fortaleza vai cantar as antigas com @sorrisomaroto @sorrisoasantigas 06.04.2024 marina park vendas site/app @ingresse ou nas lojas skyler dos shoppings parangaba rio mar kennedy iguatemi #sorrisoasantigasfortaleza,"['O', 'O', 'O', 'O', 'O', 'B-DATE', 'I-DATE', 'I-DATE', 'O', 'O', 'B-EVT', 'I-EVT', 'I-EVT', 'O', 'B-ART', 'O', 'B-DATE', 'B-LOC', 'I-LOC', 'O', 'O', 'O', 'O', 'O', 'O', 'O', 'O', 'O', 'O', 'O', 'O', 'O', 'O', 'O']"
21,2024 começou oficialmente com ele último encontro do só pra contrariar já garantiu seu lugar pra matar saudade te esperamos no @spcacustico spc acústico - último encontro 10/05 em fortaleza no centro de eventos ceará ingressos disponíveis no link da bio ou em spcacustico.com.br #spcacústico #spc #sópracontrariar #r2comspc,"['O', 'O', 'O', 'O', 'O', 'O', 'O', 'O', 'B-ART', 'O', 'O', 'O', 'O', 'O', 'O', 'O', 'O', 'O', 'O', 'O', 'O', 'B-EVT', 'B-EVT', 'I-EVT', 'O', 'O', 'O', 'B-DATE', 'O', 'B-LOC', 'O', 'B-LOC', 'I-LOC', 'I-LOC', 'I-LOC', 'O', 'O', 'O', 'O', 'O', 'O', 'O', 'O', 'B-LINK', 'O', 'O', 'B-ART', 'O']"
22,temos muito orgulho de receber ele mais uma vez no nosso palco nossa atração surpresa exatamente quem vocês queriam vai ter @nattan no playa cumbuco vai garantir seu ingresso agora que resenha ta de volta os ventos nos levam para um novo destino 28 29 30 de março cumbuco ce ingressos disponíveis link na bio,"['O', 'O', 'O', 'O', 'O', 'O', 'O', 'O', 'O', 'O', 'O', 'O', 'O', 'O', 'O', 'O', 'O', 'O', 'O', 'O', 'O', 'B-ART', 'O', 'B-EVT', 'I-EVT', 'O', 'O', 'O', 'O', 'O', 'O', 'B-EVT', 'O', 'O', 'O', 'O', 'O', 'O', 'O', 'O', 'O', 'O', 'O', 'B-DATE', 'I-DATE', 'I-DATE', 'I-DATE', 'I-DATE', 'B-LOC', 'I-LOC', 'O', 'O', 'O', 'O', 'O']"
23,preparem-se para uma noite inesquecível fortaleza dia 9 de março temos um encontro marcado no marina park para gravação do dvd nosso tempo agora da mais romântica do brasil @desejodemenina com as participações especiais de @wesleysafadao @walkyriasantos @tatygirl pontos de venda online virtual ticket https://www.virtualticket.com.br/eventos/gravacao-dvd-desejo-de-menina-fortaleza venda física rancho do poço lojas ponto da moda north shopping jóquei riomar kennedy messejana centro loja central shopping eusébio @desejodemenina @camaroteshows @betvip #desejodemenina #camaroteshows #fortaleza #nossotempoeagora #yaratchê #alessandrocosta,"['O', 'O', 'O', 'O', 'O', 'O', 'O', 'O', 'O', 'O', 'O', 'O', 'O', 'O', 'O', 'B-LOC', 'O', 'O', 'B-EVT', 'I-EVT', 'I-EVT', 'I-EVT', 'I-EVT', 'I-EVT', 'I-EVT', 'I-EVT', 'I-EVT', 'I-EVT', 'I-EVT', 'B-ART', 'I-ART', 'I-ART', 'I-ART', 'I-ART', 'I-ART', 'B-ART', 'B-ART', 'B-ART', 'O', 'O', 'O', 'O', 'O', 'O', 'B-LINK', 'O', 'O', 'O', 'O', 'O', 'O', 'O', 'O', 'O', 'O', 'O', 'O', 'O', 'O', 'O', 'O', 'O', 'O', 'O', 'O', 'O', 'O', 'O', 'B-ART', 'O', 'B-LOC', 'O', 'O', 'O']"
24,a lista de grandes nomes da música brasileira que irão subir ao nosso palco só aumenta comenta aqui qual artista você quer ver no iguatemi hall #iguatemihall #shows #showsemfortaleza #fortaleza,"['O', 'O', 'O', 'O', 'O', 'O', 'O', 'O', 'O', 'O', 'O', 'O', 'O', 'O', 'O', 'O', 'O', 'O', 'O', 'O', 'O', 'O', 'O', 'O', 'O', 'O', 'O', 'O', 'B-LOC', 'O']"
25,feriadão da semana santa 28 29 30 de março na praia de cumbuco esperamos por você lá para pegar um sol aproveitar tudo que playa oferece #playacumbuco #playa2024 vendas liberadas link na bio o,"['B-EVT', 'I-EVT', 'I-EVT', 'I-EVT', 'B-DATE', 'I-DATE', 'I-DATE', 'I-DATE', 'I-DATE', 'O', 'B-LOC', 'I-LOC', 'I-LOC', 'O', 'O', 'O', 'O', 'O', 'O', 'O', 'O', 'O', 'O', 'O', 'B-LOC', 'O', 'B-LOC', 'O', 'O', 'O', 'O', 'O', 'O', 'O']"
26,não perca última chance de viver maior buteco do brasil adquira já seu ingresso do buteco despedida fortaleza através do @baladapp garanta em até 8x no cartão abre portão que eu cheguei venda online exclusiva do @baladapp aplicativo ou baladapp.com.br acesse já https://baladapp.com.br/a/butecofortaleza2024/4742 pontos de venda físico after tickets riomar fortaleza seu domingo quintal north shopping joquei parcele em até 3x sem juros frontstage acesso frente do palco praça de alimentação bares exclusivos banheiros exclusivos posto médico não tem open bar setor embaixador acesso frente do palco bares exclusivos banheiros exclusivos praça de alimentação open bar whisky vodka gin cerveja vermelhão água refrigerante água tônica posto médico área vip praça de alimentação bares exclusivos banheiros exclusivos posto médico não tem open bar obs vendas de suítes somente no contato 85 99631-1308 cadu suítes estrutura elevada decoração especial acesso frente do palco praça de alimentação bares exclusivos banheiros exclusivos climatizados open bar whisky vodka gin cerveja água vermelhão refrigerante água tônica posto médico classificação do evento 18 #butecodespedida oembaixador #fortaleza,"['O', 'O', 'O', 'O', 'O', 'O', 'O', 'B-EVT', 'O', 'O', 'O', 'O', 'O', 'O', 'O', 'B-EVT', 'I-EVT', 'B-LOC', 'O', 'O', 'O', 'O', 'O', 'O', 'O', 'O', 'O', 'O', 'O', 'O', 'O', 'O', 'O', 'O', 'O', 'O', 'O', 'O', 'O', 'O', 'O', 'O', 'B-LINK', 'O', 'O', 'O', 'O', 'O', 'O', 'O', 'B-LOC', 'O', 'O', 'O', 'O', 'O', 'O', 'O', 'O', 'O', 'O', 'O', 'O', 'O', 'O', 'O', 'O', 'O', 'O', 'O', 'O', 'O', 'O', 'O', 'O', 'O', 'O', 'O', 'O', 'O', 'O', 'O', 'O', 'O', 'O', 'O', 'O', 'O', 'O', 'O', 'O', 'O', 'O', 'O', 'O', 'O', 'O', 'O', 'O', 'O', 'O', 'O', 'O', 'O', 'O', 'O', 'O', 'O', 'O', 'O', 'O', 'O', 'O', 'O', 'O', 'O', 'O', 'O', 'O', 'O', 'O', 'O', 'O', 'O', 'O', 'O', 'O', 'O', 'O', 'O', 'O', 'O', 'O', 'O', 'O', 'O', 'O', 'O', 'O', 'O', 'O', 'O', 'O', 'O', 'O', 'O', 'O', 'O', 'O', 'O', 'O', 'O', 'O', 'O', 'O', 'O', 'O', 'O', 'O', 'O', 'O', 'O', 'O', 'O', 'O', 'O', 'O', 'O', 'B-LOC']"
27,vai ter forró de verdade na cidade sim algumas das melhores bandas de forró da história juntas em um único propósito te fazer sentir energia de um forró de verdade zé cantor toca do vale junior vianna forró real te esperam no dia 23 de março no estacionamento da cidade mix preparados para amanhecer dia no forró #cidademix #forró #festa #show,"['O', 'O', 'B-EVT', 'I-EVT', 'I-EVT', 'O', 'O', 'O', 'O', 'O', 'O', 'O', 'O', 'B-EVT', 'O', 'O', 'O', 'O', 'O', 'O', 'O', 'O', 'O', 'O', 'O', 'O', 'O', 'B-EVT', 'O', 'O', 'B-ART', 'I-ART', 'B-ART', 'I-ART', 'I-ART', 'B-ART', 'I-ART', 'B-EVT', 'O', 'O', 'O', 'O', 'O', 'B-DATE', 'I-DATE', 'I-DATE', 'O', 'B-LOC', 'I-LOC', 'I-LOC', 'I-LOC', 'O', 'O', 'O', 'O', 'O', 'B-EVT', 'O', 'O', 'O', 'O']"
28,pense que esse kukukaya vem mais uma vez com tudo batista lima lagosta bronzeada dia 23 sábado de março estão prometendo um verdadeiro espetáculo bora corre logo compra seu ingresso pra não ficar de fora vendas pelo site efolia #kukukaya #forrodasantigas #forropedeserra,"['O', 'O', 'O', 'B-EVT', 'O', 'O', 'O', 'O', 'O', 'O', 'B-ART', 'I-ART', 'B-ART', 'I-ART', 'O', 'B-DATE', 'I-DATE', 'I-DATE', 'I-DATE', 'O', 'O', 'O', 'O', 'O', 'O', 'O', 'O', 'O', 'O', 'O', 'O', 'O', 'O', 'O', 'O', 'O', 'O', 'O', 'B-LINK', 'B-EVT', 'O', 'O']"
29,demorei muito pra te encontrar agora quero só você ele vem aí dia de abril um dos cantores mais românticos do brasil desembarca em fortaleza fábio jr 06/04/24 confira os ingressos mesas disponíveis no site bilheteriavirtual.com.br link na nossa bio. #iguatemihall #fábiojr #show #fortaleza,"['O', 'O', 'O', 'O', 'O', 'O', 'O', 'O', 'O', 'O', 'O', 'O', 'O', 'O', 'O', 'O', 'O', 'O', 'O', 'O', 'O', 'O', 'O', 'O', 'O', 'B-ART', 'I-ART', 'B-DATE', 'O', 'O', 'O', 'O', 'O', 'O', 'O', 'B-LINK', 'O', 'O', 'O', 'O', 'B-LOC', 'B-ART', 'O', 'B-LOC']"
30,alô fortaleza avisa que líder @wesleysafadao participação confirmada no dvd nosso tempo agora da mais romântica do brasil estamos prontos preparados querendo esse momento dia 9 de março no marina park pontos de venda online virtual ticket https://www.virtualticket.com.br/eventos/gravacao-dvd-desejo-de-menina-fortaleza venda física rancho do poço lojas ponto da moda north shopping jóquei riomar kennedy messejana centro loja central shopping eusébio @desejodemenina @camaroteshows @betvip,"['O', 'O', 'O', 'O', 'O', 'B-ART', 'O', 'O', 'O', 'B-EVT', 'I-EVT', 'I-EVT', 'I-EVT', 'O', 'O', 'O', 'O', 'O', 'O', 'O', 'O', 'O', 'O', 'O', 'O', 'B-DATE', 'I-DATE', 'I-DATE', 'O', 'B-LOC', 'I-LOC', 'O', 'O', 'O', 'O', 'O', 'O', 'B-LINK', 'O', 'O', 'O', 'O', 'O', 'O', 'O', 'O', 'O', 'O', 'O', 'O', 'O', 'O', 'O', 'O', 'O', 'O', 'O', 'O', 'O', 'O', 'O']"
31,tudo vira terapia alô fortaleza/ce preparem-se para receber 1º dvd da carreira do henry freitas dia 17 de março no colosso escreveremos mais um capítulo na história do artista que vem conquistando brasil mais informações em breve,"['B-EVT', 'I-EVT', 'I-EVT', 'O', 'O', 'O', 'O', 'O', 'O', 'O', 'O', 'O', 'O', 'B-ART', 'I-ART', 'O', 'B-DATE', 'I-DATE', 'I-DATE', 'O', 'B-LOC', 'O', 'O', 'O', 'O', 'O', 'O', 'O', 'O', 'O', 'O', 'O', 'O', 'O', 'O', 'O', 'O']"
32,os bons ventos nos levam para um novo destino cumbuco no ceará uma praia conhecida pelos ventos pelos esportes perfeito para receber uma edição inesquecível do playa vamos desembarcar nesta nova praia com toda energia vibe resenha que só playa sabe criar ️nosso encontro no feriadão da semana santa 28 29 30 de março na praia de cumbuco esperamos por você lá para pegar um sol aproveitar tudo que playa oferece #playacumbuco #playa2024 vendas iniciadas link na bio,"['O', 'O', 'O', 'O', 'O', 'O', 'O', 'O', 'O', 'O', 'O', 'O', 'O', 'O', 'O', 'O', 'O', 'O', 'O', 'O', 'O', 'O', 'O', 'O', 'O', 'O', 'B-EVT', 'O', 'O', 'O', 'O', 'O', 'O', 'O', 'O', 'O', 'O', 'O', 'O', 'B-EVT', 'O', 'O', 'O', 'O', 'O', 'O', 'O', 'O', 'O', 'B-DATE', 'I-DATE', 'I-DATE', 'I-DATE', 'I-DATE', 'O', 'B-LOC', 'I-LOC', 'I-LOC', 'O', 'O', 'O', 'O', 'O', 'O', 'O', 'O', 'O', 'O', 'O', 'B-EVT', 'O', 'B-EVT', 'B-EVT', 'O', 'O', 'O', 'O', 'O']"
33,carnaval paracuru folia 2024 será uma experiência completa para toda família ️serão quatro dias de muita diversão com as melhores bandas começamos no dia 10 vamos até dia 13 de fevereiro com carnaval infantil da melhor idade na praça da matriz mela mela na praça do farol um shows inesquecíveis noite preparem-se para dias inesquecíveis de pura diversão música boa claro aquele clima contagiante de carnaval vamos juntos fazer desta festa um marco em nossas memórias segurança que a nossa prioridade em cada celebração garantindo momentos de alegria para toda família não perca essa folia que vai marcar novamente entrar pra história prefeitura de paracuru governando com povo #paracurufolia #carnaval2024 #diversaocomseguranca,"['B-EVT', 'I-EVT', 'I-EVT', 'I-EVT', 'O', 'O', 'O', 'O', 'O', 'O', 'O', 'O', 'O', 'O', 'O', 'O', 'O', 'O', 'O', 'O', 'O', 'O', 'O', 'O', 'B-DATE', 'I-DATE', 'I-DATE', 'I-DATE', 'I-DATE', 'I-DATE', 'I-DATE', 'O', 'B-EVT', 'O', 'O', 'O', 'O', 'O', 'O', 'O', 'O', 'O', 'O', 'O', 'O', 'O', 'O', 'O', 'O', 'O', 'O', 'O', 'O', 'O', 'O', 'O', 'O', 'O', 'O', 'O', 'O', 'O', 'O', 'O', 'O', 'B-EVT', 'O', 'O', 'O', 'O', 'O', 'O', 'O', 'O', 'O', 'O', 'O', 'O', 'O', 'O', 'O', 'O', 'O', 'O', 'O', 'O', 'O', 'O', 'O', 'O', 'O', 'O', 'O', 'O', 'O', 'O', 'O', 'O', 'O', 'O', 'O', 'O', 'O', 'O', 'O', 'O', 'O', 'O', 'O', 'B-EVT', 'O']"
34,"neste domingo diversão está garantida no @butecomaraponga dia de curtir aquele pagode ao som de @leopagode90 @soufhaoficial_ as promoções temos open bar de budweiser por só r$ 39,9 1 litro de caipirinha por r$ 12,9 chame galera venha curtir conosco","['O', 'O', 'O', 'O', 'O', 'O', 'B-LOC', 'O', 'O', 'O', 'O', 'B-EVT', 'O', 'O', 'O', 'B-ART', 'B-ART', 'O', 'O', 'O', 'O', 'O', 'O', 'O', 'O', 'O', 'O', 'O', 'O', 'O', 'O', 'O', 'O', 'O', 'O', 'O', 'O', 'O', 'O', 'O']"
35,09/06 anavitoria nando reis iguatemi hall ingressos site bilheteria virtual link https://www.bilheteriavirtual.com.br/evento/3257/anavit0ria_&_nand0_reis,"['B-DATE', 'B-ART', 'B-ART', 'I-ART', 'B-LOC', 'I-LOC', 'O', 'O', 'O', 'O', 'O', 'B-LINK']"
36,19/04 matuê marina park ingressos site seu tickets link https://www.seutickets.com.br/eventos/festival-plantao-fortaleza,"['B-DATE', 'B-ART', 'B-LOC', 'I-LOC', 'O', 'O', 'O', 'O', 'O', 'B-LINK']"
37,djavan 09/03 djavan turnê centro de eventos ingressos site efolia link https://efolia.com.br/ingressos/2485/djavan_turne_d,"['B-ART', 'B-DATE', 'B-EVT', 'I-EVT', 'B-LOC', 'I-LOC', 'I-LOC', 'O', 'O', 'O', 'O', 'B-LINK']"
38,13/07 restart sana ingressos inicio dia de março no site sympla,"['B-DATE', 'B-ART', 'B-EVT', 'O', 'O', 'O', 'O', 'O', 'O', 'O', 'O']"
39,05/05 gloria hard noise ingressos site articles link https://articket.com.br/e/1741/gloria-em-fortaleza,"['O', 'B-ART', 'I-ART', 'I-ART', 'O', 'O', 'O', 'O', 'B-LINK']"
40,14/09 humberto gessinger praça verde 14/09/24 ingressos site bilheteria virtual link https://bilheteriavirtual.com.br/pista r$ 100 meia r$ 200 inteira frontstage r$ 120 meia r$ 240 inteira,"['O', 'B-EVT', 'I-EVT', 'B-LOC', 'O', 'B-DATE', 'O', 'O', 'O', 'O', 'O', 'B-LINK', 'O', 'B-PRICE', 'O', 'O', 'B-PRICE', 'O', 'O', 'O', 'B-PRICE', 'O', 'O', 'B-PRICE', 'O']"
41,03/08/2024 forfun arena iguatemi ingressos site eventim link https://www.eventim.com.br/event/forfun-arena-iguatemi-18145830/,"['B-DATE', 'B-ART', 'B-LOC', 'I-LOC', 'O', 'O', 'O', 'O', 'B-LINK']"
42,20/04 barao vermelho estacionamento rio mar ingressos site bilheteria digital link https://www.bilheteriadigital.com/paulo-ricardo-e-barao-vermelho-fortaleza-09-de-março barao vermelho postando de novo porque mudou dia,"['O', 'B-ART', 'I-ART', 'B-LOC', 'O', 'O', 'O', 'O', 'O', 'O', 'O', 'O', 'B-ART', 'I-ART', 'O', 'O', 'O', 'O', 'O', 'O']"
43,20/04 paulo ricardo estacionamento rio mar ingressos site bilheteria paulo ricardo digital link https://www.bilheteriadigital.com/paulo-ricardo-e-barao-vermelho-fortaleza-09-de-março postando de novo porque mudou dia,"['B-DATE', 'B-EVT', 'I-EVT', 'B-LOC', 'I-LOC', 'I-LOC', 'O', 'O', 'O', 'B-ART', 'B-ART', 'O', 'O', 'O', 'O', 'O', 'O', 'O', 'O', 'O']"
44,13/02 zeca baleiro aterrinho da praia de iracema ingressos gratuito carnaval de fortaleza programação do dia dj kinas bloco mambembe zeca baleiro maria rita,"['B-DATE', 'B-ART', 'I-ART', 'B-LOC', 'I-LOC', 'I-LOC', 'I-LOC', 'I-LOC', 'O', 'B-PRICE', 'B-EVT', 'I-EVT', 'I-EVT', 'O', 'O', 'O', 'O', 'O', 'O', 'O', 'B-ART', 'I-ART', 'B-ART', 'I-ART']"
45,13/02 maria rita aterrinho da praia de iracema ingressos gratuito carnaval de fortaleza programação do dia dj kinas bloco mambembe zeca baleiro maria rita,"['B-DATE', 'B-ART', 'I-ART', 'B-LOC', 'I-LOC', 'I-LOC', 'I-LOC', 'I-LOC', 'O', 'B-PRICE', 'B-EVT', 'I-EVT', 'I-EVT', 'O', 'O', 'O', 'O', 'O', 'O', 'O', 'B-ART', 'I-ART', 'B-ART', 'I-ART']"
46,12/02 solange almeida aterrinho da praia de iracema ingressos gratuito carnaval de fortaleza programação do dia dj silas banda os transacionais solange almeida criolo,"['B-DATE', 'B-ART', 'I-ART', 'B-LOC', 'I-LOC', 'I-LOC', 'I-LOC', 'I-LOC', 'O', 'B-PRICE', 'B-EVT', 'O', 'O', 'O', 'O', 'O', 'O', 'O', 'O', 'O', 'O', 'B-ART', 'I-ART', 'B-ART']"
47,12/02 criolo aterrinho da praia de iracema ingressos gratuito carnaval de fortaleza programação do dia dj silas banda os transacionais solange almeida criolo,"['B-DATE', 'B-ART', 'B-LOC', 'I-LOC', 'I-LOC', 'I-LOC', 'O', 'O', 'B-PRICE', 'B-EVT', 'I-EVT', 'I-EVT', 'O', 'O', 'O', 'O', 'O', 'O', 'O', 'O', 'B-ART', 'I-ART', 'B-ART']"
48,11/02 diogo nogueira aterrinho da praia de iracema ingressos gratuito carnaval de fortaleza programacao do dia dj fish vinil dtf elétrico diogo nogueira alanzim coreano,"['B-DATE', 'B-ART', 'I-ART', 'B-LOC', 'I-LOC', 'I-LOC', 'I-LOC', 'I-LOC', 'O', 'B-PRICE', 'B-EVT', 'I-EVT', 'I-EVT', 'O', 'O', 'O', 'O', 'O', 'O', 'O', 'O', 'B-ART', 'I-ART', 'O', 'O']"
49,27/01 araketu aterrinho da praia de iracema ingressos pre-carnaval de fortaleza do dia 27/01 benficadj cleyton almeida/diana franco/banda feed semana/bloco mambembeparque rachel de queirozbanda fortaleza folia johnny limapraça do ferreirabloco concentra mas não sai convidadoslargo da mocinha bloco num ispaia sinão ienchemercado dos pinhõesdj adrian brasil/banda manga rosa/shirlene aguiar,"['B-DATE', 'B-ART', 'B-LOC', 'I-LOC', 'I-LOC', 'I-LOC', 'I-LOC', 'O', 'B-EVT', 'I-EVT', 'I-EVT', 'O', 'O', 'B-DATE', 'O', 'O', 'O', 'O', 'O', 'O', 'O', 'O', 'O', 'O', 'B-LOC', 'O', 'O', 'O', 'O', 'O', 'O', 'O', 'O', 'O', 'O', 'O', 'O', 'O', 'O', 'O', 'O', 'O', 'O', 'O', 'O', 'O', 'O', 'O', 'O']"
50,03/02 silva aterrinho da praia de iracema ingressos pre-carnaval de fortaleza programação do dia 03/02 mercado dos pinhões banda os transacionais largo da mocinha bloco num ispaia sinão enche aterrinho da praia de iracema da porã silvabenficadj fish vinil micaela gomes,"['B-DATE', 'B-ART', 'B-LOC', 'I-LOC', 'I-LOC', 'I-LOC', 'I-LOC', 'O', 'B-EVT', 'I-EVT', 'I-EVT', 'O', 'O', 'O', 'B-DATE', 'O', 'O', 'O', 'O', 'O', 'O', 'O', 'O', 'O', 'O', 'O', 'O', 'O', 'O', 'B-LOC', 'I-LOC', 'I-LOC', 'I-LOC', 'I-LOC', 'O', 'O', 'O', 'O', 'O', 'O', 'O']"
51,27/01 cpm22 centro de eventos ingressos site sympla link https://www.sympla.com.br/evento/cpm-22-no-centro-de-eventos/2172767,"['B-DATE', 'B-EVT', 'B-LOC', 'I-LOC', 'I-LOC', 'O', 'O', 'O', 'O', 'B-LINK']"
52,13/01 roberta sá aterrinho da praia de iracema ingressos gratuito pre carnaval de fortaleza sexta-feira 12/01 praça do ferreira 17h30 luxo da aldeia 20h olodum centro cultural belchior 17h armando telles bandasábado 13/01 praça do ferreira 18h bloco concentra mas não sai 20h calé alencarmercado dos pinhões 17h diana franco 18h40 malbeck show 20h20 bloco de ladinho mais gostosomocinha 18h bloco num ispaia sinão lenchepraia de iracema aterrinho 16h30 desfile de baterias camaleões do vila baqueta clube de ritmistas unidos da cachorra 18h dj gomes smith 19h deborah lima 21h roberta sábenfica praça joão gentil 17h lorena lyse banda 18h40 gabriela mendes 20h20 grupo dtf elétricoparque rachel de queiroz 18h banda feed semana 20h10 negro nill bandadomingo 14/01 benfica praça joão gentil 13h pingo de fortaleza 14h40 banda couros metais 16h20 banda manga rosa 18h jean dumont bandaespigão do náutico pôr do sol 17h di ferreira banda 19h10 marina cavalcanteprogramação infantilparque rachel de queiroz 16h banda dragaxé raiz do poço 18h10 tia samilapasseio público 9h charanga tio marcão banda 10h40 pacote de biscoitoraimundo do queijo 10h bárbara sena banda 12h10 bloco turma do mamão 14h20 mel matos,"['B-DATE', 'B-ART', 'I-ART', 'B-LOC', 'I-LOC', 'I-LOC', 'I-LOC', 'I-LOC', 'O', 'B-PRICE', 'B-EVT', 'I-EVT', 'I-EVT', 'I-EVT', 'O', 'B-DATE', 'O', 'O', 'O', 'O', 'O', 'O', 'O', 'O', 'O', 'O', 'O', 'O', 'O', 'O', 'O', 'O', 'O', 'O', 'O', 'O', 'O', 'O', 'O', 'O', 'O', 'O', 'O', 'O', 'O', 'O', 'O', 'O', 'O', 'O', 'O', 'O', 'O', 'O', 'O', 'O', 'O', 'O', 'O', 'O', 'O', 'O', 'O', 'O', 'O', 'O', 'O', 'B-LOC', 'O', 'O', 'O', 'O', 'O', 'O', 'O', 'O', 'O', 'O', 'O', 'O', 'O', 'O', 'O', 'O', 'O', 'O', 'O', 'O', 'O', 'O', 'B-ART', 'O', 'O', 'O', 'O', 'O', 'O', 'O', 'O', 'O', 'O', 'O', 'O', 'O', 'O', 'O', 'O', 'O', 'O', 'O', 'O', 'O', 'O', 'O', 'O', 'O', 'O', 'O', 'O', 'O', 'O', 'O', 'O', 'O', 'O', 'O', 'O', 'O', 'O', 'O', 'O', 'O', 'O', 'O', 'O', 'O', 'O', 'O', 'O', 'O', 'O', 'O', 'O', 'O', 'O', 'O', 'O', 'O', 'O', 'O', 'O', 'O', 'O', 'O', 'O', 'O', 'O', 'O', 'O', 'O', 'O', 'O', 'O', 'O', 'O', 'O', 'O', 'O', 'O', 'O', 'O', 'O', 'O', 'O', 'O', 'O', 'O', 'O', 'O', 'O', 'O', 'O', 'O', 'O', 'O', 'O', 'O']"
53,13/04 jão colosso ingressos site eventim jao link https://abre.ai/hqxn,"['O', 'B-EVT', 'B-LOC', 'O', 'O', 'O', 'B-ART', 'O', 'B-LINK']"
54,27/01 laugum auê ingressos ingresso digital link https://ingressodigital.com/evento/10244/lagum__tour_2024,"['B-DATE', 'B-ART', 'I-ART', 'O', 'O', 'O', 'O', 'B-LINK']"
55,20/04 djonga marina park ingressos site seu tickets link https://www.seutickets.com.br/eventos/festival-plantao-fortaleza,"['B-DATE', 'B-ART', 'B-LOC', 'I-LOC', 'O', 'O', 'O', 'O', 'O', 'B-LINK']"
56,o lote vira hoje quixeramobim últimas horas para garantir seu ingresso no valor atual pra curtir @seudesejo @reyvaqueiro @claudioneyejuliana dia 16 de março na casa de shows arreio de prata pontos de venda online virtual ticket www.virtualticket.com.br/eventos/a-mais-romantica-e-o-rey venda física quixeramobim divino 88 casa do bebê quixadá tella são miguel josé amâncio mercantil #seudesejo #ceará #reyvaqueiro #quixeramobim #amaisromântica #claudioneyejuliana #éorey,"['O', 'O', 'O', 'O', 'O', 'O', 'O', 'O', 'O', 'O', 'O', 'O', 'O', 'O', 'O', 'O', 'B-ART', 'B-ART', 'B-ART', 'O', 'B-DATE', 'I-DATE', 'I-DATE', 'O', 'O', 'O', 'O', 'B-LOC', 'I-LOC', 'I-LOC', 'O', 'O', 'O', 'O', 'O', 'O', 'B-LINK', 'O', 'O', 'O', 'O', 'O', 'O', 'O', 'O', 'O', 'O', 'O', 'O', 'O', 'O', 'O', 'B-ART', 'B-LOC', 'B-ART', 'B-LOC', 'O', 'B-ART', 'O']"
57,vocês pediram nós atendemos roupa nova com sua turnê 40 anos de sucesso chega fortaleza 9 de agosto local centro de eventos adquira seu ingresso www.grafcarlos.com óticas diniz iguatemi north shop bezerrade menezes início das vendas 14.03 partir das 12:00,"['O', 'O', 'O', 'O', 'B-ART', 'I-ART', 'O', 'O', 'O', 'B-EVT', 'I-EVT', 'I-EVT', 'O', 'O', 'B-LOC', 'B-DATE', 'B-DATE', 'B-DATE', 'O', 'B-LOC', 'O', 'O', 'O', 'O', 'O', 'B-LINK', 'O', 'O', 'O', 'O', 'O', 'O', 'O', 'O', 'O', 'O', 'O', 'O', 'O', 'O']"
58,o repertório do @somdefaculdade sempre inesquecível estaremos juntos no @praiow dia 23.03 para curtir uma noite especial garante seu ingresso aproveite lote atual falta pouco www.praiow.com.br,"['O', 'O', 'O', 'O', 'O', 'O', 'O', 'O', 'O', 'O', 'O', 'O', 'O', 'O', 'O', 'O', 'O', 'O', 'O', 'O', 'O', 'O', 'O', 'O', 'O', 'B-LINK']"
59,"dia 18 de maio vai ser fogo gasolina com encontro do trio @henriqueejuliano @nattan no colosso stage 70,00% dos ingressos já estão vendidos corre enquanto há disponibilidade www.limitezero.art.br","['O', 'B-DATE', 'I-DATE', 'I-DATE', 'O', 'O', 'B-EVT', 'I-EVT', 'O', 'O', 'O', 'O', 'B-ART', 'B-ART', 'O', 'B-LOC', 'O', 'O', 'O', 'O', 'O', 'O', 'O', 'O', 'O', 'O', 'O', 'B-LINK']"
60,o lote esgota hoje fortaleza aproveite as últimas horas de hoje quarta -feira 13 de março garanta já seu ingresso para @garotavip curta festival mais amado do brasil amanhã quinta-feira 14 de março novos valores garanta seu ingresso pontos físicos rancho do poço oscar benevides 90 mondubim fortaleza-ce lojas ponto da moda maracanaú end.: dezesseis 331 jereissati maracanaú ce 61900-230 shopping eusébio end.: e040 av eusébio de queiroz 1890 loja 10 tamatanduba eusébio ce centro end guilherme rocha 203 centro shopping rio mar kennedy end.: av sgt hermínio sampaio 3100 pres kennedy fortaleza ce messejana av frei cirilo 172 messejana fortaleza ce north shopping jóquei av lineu machado 419 jóquei clube fortaleza ce venda on-line https://www.virtualticket.com.br/eventos/garota-vip-fortaleza-2024 #garotavip #fortaleza #ceará #savethedate #sóosfortesentendem #wesleysafadão #camaroteshows #luansantana #leosantana #marierayane,"['O', 'O', 'O', 'O', 'B-LOC', 'O', 'O', 'O', 'O', 'O', 'O', 'O', 'O', 'B-DATE', 'I-DATE', 'I-DATE', 'O', 'O', 'O', 'O', 'O', 'B-EVT', 'O', 'O', 'O', 'O', 'O', 'O', 'O', 'O', 'B-DATE', 'I-DATE', 'I-DATE', 'O', 'O', 'O', 'O', 'O', 'O', 'O', 'O', 'O', 'O', 'O', 'O', 'O', 'O', 'O', 'O', 'O', 'O', 'O', 'O', 'O', 'O', 'O', 'O', 'O', 'O', 'O', 'O', 'O', 'O', 'O', 'O', 'O', 'O', 'O', 'O', 'O', 'O', 'O', 'O', 'O', 'O', 'O', 'O', 'O', 'O', 'O', 'O', 'O', 'O', 'O', 'O', 'O', 'O', 'O', 'O', 'O', 'O', 'O', 'O', 'O', 'O', 'O', 'O', 'O', 'O', 'O', 'O', 'O', 'O', 'O', 'O', 'O', 'O', 'O', 'O', 'O', 'O', 'O', 'O', 'O', 'O', 'B-LINK', 'O', 'O', 'O', 'O', 'O', 'B-ART', 'O', 'B-ART', 'B-ART', 'B-ART']"
61,atenção atenção sábado tem virada de lote feriadão em limoeiro _o fenômeno o original _ @nattan @zevaqueiro só vem _ssvale 2024 o maior evento do interior do ceará sábado de aleluia 30 de março no @zoadashows em limoeiro que pancada de encontro vendas online brasilticket.com.br,"['O', 'O', 'O', 'O', 'B-EVT', 'I-EVT', 'I-EVT', 'I-EVT', 'O', 'B-LOC', 'O', 'O', 'O', 'O', 'O', 'B-ART', 'B-ART', 'O', 'O', 'O', 'O', 'O', 'O', 'O', 'O', 'O', 'O', 'O', 'O', 'O', 'O', 'B-DATE', 'B-DATE', 'B-DATE', 'O', 'O', 'O', 'B-LOC', 'O', 'O', 'O', 'O', 'O', 'O', 'B-LINK']"
62,faltam 10 dias para vivermos melhor do forró zé cantor toca do vale junior vianna forró real te esperam dia 23 de março no estacionamento do cidade mix pontos de venda on-line https://brasilticket.com.br/cidade-mix-forro-de-verdade.html vendas físicas barzim da maraponga carneiro prime óticas diniz #cidademix #forró #forródeverdade,"['O', 'O', 'O', 'O', 'O', 'O', 'O', 'O', 'B-ART', 'I-ART', 'B-ART', 'I-ART', 'I-ART', 'B-ART', 'I-ART', 'B-ART', 'I-ART', 'O', 'O', 'O', 'B-DATE', 'I-DATE', 'I-DATE', 'O', 'B-LOC', 'I-LOC', 'I-LOC', 'I-LOC', 'O', 'O', 'O', 'O', 'B-LINK', 'O', 'O', 'O', 'O', 'O', 'O', 'O', 'O', 'O', 'O', 'O', 'O']"
63,é só até amanhã quixeramobim ‍ corra garanta já seu ingresso no valor atual pra curtir @seudesejo @reyvaqueiro @claudioneyejuliana dia 16 de março na casa de shows arreio de prata pontos de venda online virtual ticket www.virtualticket.com.br/eventos/a-mais-romantica-e-o-rey venda física quixeramobim divino 88 casa do bebê quixadá tella são miguel josé amâncio mercantil #seudesejo #ceará #reyvaqueiro #quixeramobim #amaisromântica #claudioneyejuliana #éorey,"['O', 'O', 'O', 'O', 'O', 'O', 'O', 'O', 'O', 'O', 'O', 'O', 'O', 'O', 'O', 'O', 'O', 'O', 'O', 'O', 'B-DATE', 'I-DATE', 'I-DATE', 'O', 'B-LOC', 'I-LOC', 'I-LOC', 'I-LOC', 'I-LOC', 'I-LOC', 'O', 'O', 'O', 'O', 'O', 'O', 'B-LINK', 'O', 'O', 'O', 'O', 'O', 'B-LOC', 'O', 'O', 'O', 'O', 'O', 'O', 'O', 'O', 'O', 'B-ART', 'O', 'B-ART', 'O', 'O', 'B-ART', 'O']"
64,14/09 humberto gessinger praça verde ingressos site bilheteria virtual link https://bilheteriavirtual.com.br/pista r$ 100 meia r$ 200 inteira frontstage r$ 120 meia r$ 240 inteira,"['B-DATE', 'B-ART', 'I-EVT', 'B-LOC', 'O', 'O', 'O', 'O', 'O', 'O', 'B-LINK', 'O', 'B-PRICE', 'O', 'O', 'B-PRICE', 'O', 'O', 'O', 'B-PRICE', 'O', 'O', 'B-PRICE', 'B-DATE']"
65,09/06 anavitoria nando reis iguatemi hall ingressos site bilheteria virtual link https://www.bilheteriavirtual.com.br/evento/3257/anavit0ria_&_nand0_reis,"['O', 'B-EVT', 'I-EVT', 'I-EVT', 'B-LOC', 'I-EVT', 'O', 'O', 'O', 'O', 'O', 'B-LINK']"
66,19/04 matuê marina park ingressos site seu tickets link https://www.seutickets.com.br/eventos/festival-plantao-fortaleza,"['O', 'B-ART', 'B-LOC', 'I-LOC', 'O', 'O', 'O', 'O', 'O', 'B-LINK']"
67,13/07 restart sana ingressos inicio dia de março no site sympla,"['B-DATE', 'B-EVT', 'B-LOC', 'O', 'O', 'O', 'O', 'O', 'O', 'O', 'O']"
68,05/05 gloria hard noise ingressos site articles link https://articket.com.br/e/1741/gloria-em-fortaleza,"['B-DATE', 'B-EVT', 'I-EVT', 'I-EVT', 'O', 'O', 'O', 'O', 'B-LINK']"
69,03/08 forfun arena iguatemi ingressos site eventim link https://www.eventim.com.br/event/forfun-arena-iguatemi-18145830/,"['B-DATE', 'B-ART', 'B-LOC', 'O', 'O', 'O', 'O', 'O', 'B-LINK']"
70,20/04 barao vermelho estacionamento rio mar ingressos site bilheteria digital link https://www.bilheteriadigital.com/paulo-ricardo-e-barao-vermelho-fortaleza-09-de-março postando de novo porque mudou dia,"['B-DATE', 'B-EVT', 'I-EVT', 'B-LOC', 'I-LOC', 'I-LOC', 'O', 'O', 'O', 'O', 'O', 'O', 'O', 'O', 'O', 'O', 'O', 'O']"
71,20/04 paulo ricardo estacionamento rio mar ingressos site bilheteria digital link https://www.bilheteriadigital.com/paulo-ricardo-e-barao-vermelho-fortaleza-09-de-março postando de novo porque mudou dia,"['B-DATE', 'B-EVT', 'I-EVT', 'B-LOC', 'I-LOC', 'I-LOC', 'O', 'O', 'O', 'O', 'O', 'B-LINK', 'O', 'O', 'O', 'O', 'O', 'O']"
72,13/02 zeca baleiro aterrinho da praia de iracema ingressos gratuito carnaval de fortaleza do dia dj kinas bloco mambembe zeca baleiro maria rita,"['B-DATE', 'B-ART', 'I-ART', 'B-LOC', 'I-LOC', 'I-LOC', 'I-LOC', 'I-LOC', 'O', 'B-PRICE', 'B-EVT', 'I-EVT', 'I-EVT', 'O', 'O', 'O', 'O', 'O', 'O', 'B-ART', 'I-ART', 'O', 'O']"
73,09/03 djavan centro de eventos ingressos site efolia link https://efolia.com.br/ingressos/2485/djavan_turne_d,"['B-DATE', 'B-ART', 'B-LOC', 'I-LOC', 'I-LOC', 'O', 'O', 'O', 'O', 'B-LINK']"
74,vai ter pagode do bom no @praiow dia 23.03 você já pode deixar seu lugar reservado o @somdefaculdade vai vir aí para fazer um repertório incrível beira mar ingressos www.praiow.com.br,"['O', 'O', 'B-EVT', 'I-EVT', 'I-EVT', 'O', 'B-LOC', 'O', 'B-DATE', 'O', 'O', 'O', 'O', 'O', 'O', 'O', 'O', 'B-ART', 'O', 'O', 'O', 'O', 'O', 'O', 'O', 'O', 'O', 'O', 'O', 'B-LINK']"
75,aê fortaleza estão assim também não sabe se tá vivendo ou só esperando @garotavip dia 27 de abril o festival mais amado do brasil te espera com nosso líder @wesleysafadao mais. @luansantana @leosantana @marierayaneoficial garanta seu ingresso pontos físicos rancho do poço oscar benevides 90 mondubim fortaleza-ce lojas ponto da moda maracanaú end.: dezesseis 331 jereissati maracanaú ce 61900-230 shopping eusébio end.: e040 av eusébio de queiroz 1890 loja 10 tamatanduba eusébio ce centro end guilherme rocha 203 centro shopping rio mar kennedy end.: av sgt hermínio sampaio 3100 pres kennedy fortaleza ce messejana av frei cirilo 172 messejana fortaleza ce north shopping jóquei av lineu machado 419 jóquei clube fortaleza ce venda on-line https://www.virtualticket.com.br/eventos/garota-vip-fortaleza-2024 #garotavip #fortaleza #ceará #savethedate #sóosfortesentendem #wesleysafadão #camaroteshows #luansantana #leosantana #marierayane,"['O', 'O', 'O', 'O', 'O', 'O', 'O', 'O', 'O', 'O', 'O', 'O', 'O', 'B-EVT', 'O', 'B-DATE', 'I-DATE', 'I-DATE', 'O', 'O', 'O', 'O', 'O', 'O', 'O', 'O', 'O', 'O', 'O', 'B-ART', 'O', 'B-ART', 'B-ART', 'B-ART', 'O', 'O', 'O', 'O', 'O', 'O', 'O', 'O', 'O', 'O', 'O', 'O', 'O', 'O', 'O', 'O', 'O', 'O', 'O', 'O', 'O', 'O', 'O', 'O', 'O', 'O', 'O', 'O', 'O', 'O', 'O', 'O', 'O', 'O', 'O', 'O', 'O', 'O', 'O', 'O', 'O', 'O', 'O', 'O', 'O', 'O', 'O', 'O', 'O', 'O', 'O', 'O', 'O', 'O', 'O', 'O', 'O', 'O', 'O', 'O', 'O', 'O', 'O', 'O', 'O', 'O', 'O', 'O', 'O', 'O', 'O', 'O', 'O', 'O', 'O', 'O', 'O', 'O', 'O', 'O', 'O', 'B-EVT', 'O', 'O', 'O', 'O', 'B-ART', 'O', 'B-ART', 'B-ART', 'B-ART']"
76,hoje dia de #tbt não poderíamos deixar de relembrar alguns dos grandes sucessos da dupla @henriqueejuliano para sentirmos maior saudade dia 18 de maio eles vão desembarcar em fortaleza para uma apresentação muito especial você não vai querer ficar de fora né ingressos esgotando www.limitezero.art.br,"['O', 'O', 'O', 'O', 'O', 'O', 'O', 'O', 'O', 'O', 'O', 'O', 'O', 'O', 'O', 'B-ART', 'O', 'O', 'O', 'O', 'O', 'B-DATE', 'I-DATE', 'I-DATE', 'O', 'O', 'O', 'O', 'B-LOC', 'O', 'O', 'O', 'O', 'O', 'O', 'O', 'O', 'O', 'O', 'O', 'O', 'O', 'O', 'O', 'B-LINK']"
77,vem aí novo dvd @tonyguerraoficial inesquecível. aguardem #tonyguerra #sacode @agencia.after,"['O', 'O', 'O', 'O', 'O', 'B-EVT', 'O', 'B-ART', 'O', 'O']"
78,fortaleza show da tarja turunen marko hietala está apenas dois dias de distância prepare-se para uma noite histórica de metal sinfônico em fortaleza ainda dá tempo de garantir seu ingresso fazer parte desse momento memorável corra garanta seu agora mesmo pelo link na bio #tarjaturunen #markohietala #metalsinfônico #showemfortaleza #ingressosdisponíveis,"['B-LOC', 'B-EVT', 'I-EVT', 'I-EVT', 'I-EVT', 'I-EVT', 'I-EVT', 'O', 'O', 'O', 'O', 'O', 'O', 'O', 'O', 'O', 'O', 'O', 'O', 'O', 'O', 'O', 'B-LOC', 'O', 'O', 'O', 'O', 'O', 'O', 'O', 'O', 'O', 'O', 'O', 'O', 'O', 'O', 'O', 'O', 'O', 'O', 'O', 'O', 'O', 'B-ART', 'B-ART', 'O', 'O', 'O']"
79,garanta logo seu ingresso no site @efolia @brunomartini @murilotronco @dudufeitosa @slimfatmusic @vicentedecastro píer do marina park hotel sábado 13/04,"['O', 'O', 'O', 'O', 'O', 'O', 'B-EVT', 'O', 'O', 'O', 'O', 'O', 'B-LOC', 'I-LOC', 'I-LOC', 'I-LOC', 'I-LOC', 'O', 'B-DATE']"
80,save the date vocês se lembram do ano passado festa linda muita alegria momentos inesquecíveis que foi bom em nossa 1ª edição será melhor ainda em 2024 duvidam nosso reencontro sábado dia 22/06 @vemprochurrasquinho em breve mais informações #vemprochurrasquinho #pagode #menosémais #grupomenosémais #churrasquinhomenosémais,"['O', 'O', 'O', 'O', 'O', 'O', 'O', 'O', 'O', 'O', 'O', 'O', 'O', 'O', 'O', 'O', 'O', 'O', 'O', 'O', 'O', 'O', 'O', 'O', 'O', 'O', 'O', 'O', 'O', 'O', 'O', 'O', 'O', 'B-EVT', 'O', 'O', 'O', 'O', 'B-EVT', 'O', 'O', 'B-ART', 'O']"
81,contagem regressivasábado tem virada de lote feriadão em limoeiro _o fenômeno o original _ @nattan @zevaqueiro só vem _ssvale 2024 o maior evento do interior do ceará sábado de aleluia 30 de março no @zoadashows em limoeiro que pancada de encontro vendas brasilticket.com.br,"['O', 'O', 'O', 'O', 'O', 'O', 'O', 'O', 'B-LOC', 'O', 'O', 'O', 'O', 'O', 'B-ART', 'O', 'O', 'O', 'O', 'O', 'O', 'O', 'O', 'O', 'O', 'O', 'O', 'O', 'O', 'O', 'O', 'O', 'O', 'O', 'O', 'O', 'O', 'O', 'O', 'O', 'O', 'O', 'B-LINK']"
82,o jotavê henry freitas mandou avisar que esse nesse fds fortaleza vai ferver preparem-se que oficialmente começamos na sexta com aquece no colosso o vamos aquecer junto com @alanzimcoreano @nuziomedeiros @jotave_of aquece fortaleza 15 de março vendas https://outgo.com.br/aquece informações 85 99691-0824 colosso fortaleza/ce . @r10producoes_ @acerteiproducoes @1beat.agencia #fortaleza #colosso #aquece,"['O', 'O', 'O', 'O', 'O', 'O', 'O', 'O', 'O', 'O', 'B-LOC', 'O', 'O', 'O', 'O', 'O', 'O', 'O', 'O', 'O', 'B-EVT', 'O', 'B-LOC', 'O', 'O', 'O', 'O', 'O', 'B-ART', 'O', 'O', 'B-EVT', 'I-EVT', 'B-DATE', 'I-DATE', 'I-DATE', 'O', 'B-LINK', 'O', 'O', 'O', 'B-LOC', 'I-LOC', 'O', 'O', 'O', 'O', 'B-LOC', 'B-LOC', 'B-EVT']"
83,atenção confira tudo que você precisa saber sobre gravação do dvd do henry freitas nos vemos domingo 17 em fortaleza tudo vira terapia dvd henry freitas 17 de março colosso fortaleza/ce https://brasilticket.com.br/gravacao-do-dvd-tudo-vira-terapia-henry-freitas.html,"['O', 'O', 'B-EVT', 'O', 'O', 'O', 'O', 'O', 'O', 'O', 'O', 'O', 'B-ART', 'I-ART', 'O', 'O', 'O', 'O', 'O', 'B-LOC', 'B-EVT', 'O', 'O', 'O', 'B-ART', 'I-ART', 'B-DATE', 'I-DATE', 'I-DATE', 'B-LOC', 'I-LOC', 'B-LINK']"
84,atenção quixeramobim se liguem na ordem das atrações para nossa noite que será repleta de emoções 22h abertura dos portões 1 @claudioneyejuliana2 @seudesejo3 @reyvaqueiro até dia amanhecer pontos de venda online virtual ticket www.virtualticket.com.br/eventos/a-mais-romantica-e-o-rey venda física quixeramobim divino 88 casa do bebê quixadá tella são miguel josé amâncio mercantil #seudesejo #ceará #reyvaqueiro #quixeramobim #amaisromântica #claudioneyejuliana #éorey,"['O', 'B-LOC', 'O', 'O', 'O', 'O', 'O', 'O', 'O', 'O', 'O', 'O', 'O', 'O', 'O', 'O', 'O', 'O', 'O', 'O', 'O', 'B-ART', 'B-ART', 'B-ART', 'O', 'O', 'O', 'O', 'O', 'O', 'O', 'O', 'O', 'B-LINK', 'O', 'O', 'O', 'O', 'O', 'O', 'O', 'O', 'O', 'O', 'O', 'O', 'O', 'O', 'O', 'O', 'O', 'B-ART', 'B-LOC', 'B-EVT', 'B-ART', 'B-ART']"
85,@avinevinny o responsável por fazer revoadas inesquecíveis dia 23.03 não será diferente faltam só dias então corre porque tá chegando não vai ficar de fora né ingressos link na bio,"['B-ART', 'O', 'O', 'O', 'O', 'O', 'O', 'O', 'B-DATE', 'O', 'O', 'O', 'O', 'O', 'O', 'O', 'O', 'O', 'O', 'O', 'O', 'O', 'O', 'O', 'O', 'O', 'O', 'O', 'O', 'O']"
86,o time está formado para nosso encontro no @praiow dia 06.04 já deixem tudo programado ingresso garantido vai ser uma noite de tirar fôlego link na bio,"['O', 'O', 'O', 'O', 'O', 'O', 'O', 'O', 'B-LOC', 'O', 'B-DATE', 'O', 'O', 'O', 'O', 'O', 'O', 'O', 'O', 'O', 'O', 'O', 'O', 'O', 'O', 'O', 'O']"
87,últimas horas hoje tem virada de lote feriadão em limoeiro _o fenômeno o original _ @nattan @zevaqueiro só vem _ssvale 2024 o maior evento do interior do ceará sábado de aleluia 30 de março no @zoadashows em limoeiro que pancada de encontro vendas online brasilticket.com.br,"['O', 'O', 'O', 'O', 'O', 'O', 'O', 'O', 'O', 'B-LOC', 'O', 'O', 'O', 'O', 'O', 'B-ART', 'B-ART', 'O', 'O', 'O', 'O', 'O', 'O', 'O', 'O', 'O', 'O', 'O', 'O', 'O', 'O', 'B-DATE', 'I-DATE', 'I-DATE', 'O', 'O', 'O', 'B-LOC', 'O', 'O', 'O', 'O', 'O', 'O', 'B-LINK']"
88,faltam dias para vivermos melhor forró do brasil zé cantor toca do vale junior vianna forró real te esperam dia 23 de março no estacionamento do cidade mix pontos de venda on-line https://brasilticket.com.br/cidade-mix-forro-de-verdade.html ⁠vendas físicas barzim da maraponga carneiro prime óticas diniz #cidademix #forró #forródeverdade #ingresso,"['O', 'O', 'O', 'O', 'O', 'O', 'O', 'O', 'B-ART', 'I-ART', 'B-ART', 'I-ART', 'I-ART', 'B-ART', 'I-ART', 'O', 'O', 'O', 'O', 'O', 'B-DATE', 'I-DATE', 'I-DATE', 'O', 'B-LOC', 'I-LOC', 'I-LOC', 'I-LOC', 'O', 'O', 'O', 'O', 'B-LINK', 'O', 'O', 'O', 'O', 'O', 'O', 'O', 'O', 'O', 'B-LOC', 'O', 'O', 'O']"
89,fortaleza os portões abrirão às 19h30 para show da tarja marko hietala fiquem ligados nas recomendações restrições para aproveitar ao máximo show hoje #portõesabertos,"['B-LOC', 'O', 'O', 'O', 'O', 'O', 'O', 'B-EVT', 'I-EVT', 'I-EVT', 'I-EVT', 'I-EVT', 'O', 'O', 'O', 'O', 'O', 'O', 'O', 'O', 'O', 'B-EVT', 'O', 'O']"
90,o nosso momento chegou quixeramobim hoje viveremos uma noite repleta de emoções com @seudesejo @reyvaqueiro @claudioneyejuliana na casa de shows arreio de prata ah não esqueça os óculos escuros pois vamos amanhecer com rey das vaquejadas pontos de venda online virtual ticket www.virtualticket.com.br/eventos/a-mais-romantica-e-o-rey venda física quixeramobim divino 88 casa do bebê quixadá tella são miguel josé amâncio mercantil #seudesejo #ceará #reyvaqueiro #quixeramobim #amaisromântica #claudioneyejuliana #éorey,"['O', 'O', 'O', 'O', 'B-LOC', 'O', 'O', 'O', 'O', 'O', 'O', 'O', 'O', 'B-ART', 'B-ART', 'B-ART', 'O', 'B-LOC', 'I-LOC', 'I-LOC', 'I-LOC', 'I-LOC', 'I-LOC', 'O', 'O', 'O', 'O', 'O', 'O', 'O', 'O', 'O', 'O', 'B-ART', 'O', 'O', 'O', 'O', 'O', 'O', 'O', 'O', 'B-LINK', 'O', 'O', 'O', 'O', 'O', 'B-LOC', 'O', 'O', 'O', 'O', 'O', 'O', 'O', 'O', 'O', 'B-ART', 'B-LOC', 'B-ART', 'B-LOC', 'B-EVT', 'B-ART', 'B-ART']"
91,fortaleza grande dia chegou hoje o show da tarja marko hietala em fortaleza vocês esperaram tanto por esse momento histórico então vamos aproveitar juntos os portões abrirão às 19:30 se ainda não garantiu seu ingresso corra últimos ingressos disponíveis link na bio #showtarjamarkofortaleza #momentohistórico #últimosingressos,"['B-LOC', 'O', 'O', 'O', 'O', 'O', 'B-EVT', 'I-EVT', 'I-EVT', 'I-EVT', 'I-EVT', 'I-EVT', 'I-EVT', 'O', 'O', 'O', 'O', 'O', 'O', 'O', 'O', 'O', 'O', 'O', 'O', 'O', 'O', 'O', 'O', 'O', 'O', 'O', 'O', 'O', 'O', 'O', 'O', 'O', 'O', 'O', 'O', 'O', 'B-EVT', 'O', 'O']"
92,fortaleza sei que vocês estão muito animados pra esse tão aguardado show da tarja do marko hietala então temos uma novidade os portões abrirão mais cedo às 19:30 para proporcionar mais conforto comodidade para todos se você ainda não adquiriu seu ingresso não perde tempo pois os últimos ingressos ainda estão disponíveis link na bio #tarjaemarkoemfortaleza,"['B-LOC', 'O', 'O', 'O', 'O', 'O', 'O', 'O', 'O', 'O', 'O', 'B-EVT', 'I-EVT', 'I-EVT', 'I-EVT', 'I-EVT', 'I-EVT', 'O', 'O', 'O', 'O', 'O', 'O', 'O', 'O', 'O', 'O', 'O', 'O', 'O', 'O', 'O', 'O', 'O', 'O', 'O', 'O', 'O', 'O', 'O', 'O', 'O', 'O', 'O', 'O', 'O', 'O', 'O', 'O', 'O', 'O', 'O', 'O', 'O', 'O', 'B-EVT']"
93,contagem regressiva amanhã tem virada de lote feriadão em limoeiro fenômeno o original @nattan @zevaqueiro só vem ssvale 2024 o maior evento do interior do ceará sábado de aleluia 30 de março no @zoadashows em limoeiro que pancada de encontro vendas online brasilticket.com.br,"['O', 'O', 'O', 'O', 'O', 'O', 'O', 'O', 'O', 'O', 'O', 'O', 'O', 'B-ART', 'B-ART', 'O', 'O', 'O', 'O', 'O', 'O', 'O', 'O', 'O', 'O', 'O', 'O', 'O', 'O', 'B-DATE', 'I-DATE', 'O', 'O', 'O', 'O', 'B-LOC', 'O', 'O', 'O', 'O', 'O', 'O', 'B-LINK']"
94,a rainha do samba nossa alcione marrom estará de volta fortaleza no dia 1 de junho em única apresentação ingressos venda óticas diniz shop iguatemi north shop bezerra de menezes www.grafcarlos.com,"['O', 'B-EVT', 'I-EVT', 'I-EVT', 'O', 'B-ART', 'O', 'O', 'O', 'O', 'B-LOC', 'O', 'O', 'B-DATE', 'I-DATE', 'I-DATE', 'O', 'O', 'O', 'O', 'O', 'O', 'O', 'O', 'O', 'O', 'O', 'O', 'O', 'O', 'B-LINK']"
95,sextou com forró de vaquejada farra do zé já está disponível no youtube chaaaama #zecantor #vaquejada,"['O', 'O', 'O', 'O', 'O', 'O', 'O', 'B-ART', 'O', 'O', 'O', 'O', 'B-LINK', 'O', 'B-ART', 'O']"
96,fortaleza grande dia finalmente está chegando amanhã fortaleza será palco de um momento histórico com show de tarja turunen marko hietala se você ainda não garantiu seu ingresso não perca tempo os últimos estão disponíveis quer fazer parte desse espetáculo incrível corra garanta seu agora mesmo link na bio #tarjaturunen #markohietala #showaovivo #fortaleza #músicaaovivo,"['B-LOC', 'O', 'O', 'O', 'O', 'O', 'O', 'B-LOC', 'O', 'O', 'O', 'O', 'O', 'O', 'O', 'B-EVT', 'O', 'B-ART', 'I-ART', 'B-ART', 'I-ART', 'O', 'O', 'O', 'O', 'O', 'O', 'O', 'O', 'O', 'O', 'O', 'O', 'O', 'O', 'O', 'O', 'O', 'O', 'O', 'O', 'O', 'O', 'O', 'O', 'O', 'O', 'O', 'O', 'B-ART', 'B-ART', 'B-EVT', 'B-LOC', 'B-EVT']"
97,é hoje sem dúvidas melhor lugar para curtir noite de fortaleza vem aproveitar se divertir aqui no seu dedé @seudedebotequim cuidaa #vemproseudedé av pontes vieira 1700 são joão do tatuapé fortaleza ce,"['O', 'O', 'O', 'O', 'O', 'O', 'O', 'O', 'O', 'O', 'O', 'O', 'O', 'O', 'O', 'O', 'O', 'B-LOC', 'I-LOC', 'B-LOC', 'O', 'O', 'O', 'O', 'O', 'O', 'O', 'O', 'O', 'O', 'B-LOC', 'I-LOC']"
98,o hoje aquece fortaleza preparem-se que oficialmente começamos fds hoje com aquece no colosso o vamos aquecer junto com @alanzimcoreano @nuziomedeiros @jotave_of aquece fortaleza 15 de março vendas https://outgo.com.br/aquece informações 85 99691-0824 colosso fortaleza/ce . @r10producoes_ @acerteiproducoes @1beat.agencia #fortaleza #colosso #aquece,"['O', 'O', 'B-EVT', 'I-EVT', 'O', 'O', 'O', 'O', 'O', 'O', 'O', 'B-EVT', 'O', 'B-LOC', 'O', 'O', 'O', 'O', 'O', 'B-ART', 'B-ART', 'B-ART', 'B-EVT', 'I-EVT', 'B-DATE', 'I-DATE', 'I-DATE', 'O', 'B-LINK', 'O', 'O', 'O', 'B-LOC', 'O', 'O', 'O', 'O', 'O', 'B-LOC', 'B-LOC', 'B-EVT']"
99,segundou com energia do fds no @radar.pub nesta segunda 18 véspera de feriado pub mais irado da cidade vai comecar semana com agito diferenciado de arthur bacana dos djs igor wolf lari cavalcante jr vasconcelos no comando dos principais hits até amanhecer além disso tem happy hour de 19h às 21h toda estrutura incrível do radar pub com ambiente climatizado coberto para tornar experiência ainda mais especial garante já seu ingresso antecipado com link na bio nos stories #radarpub #vesperadeferiado #vocetanomeuradar #festa #balada #fortaleza,"['O', 'O', 'O', 'O', 'O', 'O', 'B-LOC', 'O', 'O', 'O', 'O', 'O', 'O', 'B-LOC', 'O', 'O', 'O', 'O', 'O', 'O', 'O', 'O', 'O', 'O', 'O', 'B-ART', 'I-ART', 'O', 'O', 'O', 'O', 'B-ART', 'I-ART', 'B-ART', 'I-ART', 'O', 'O', 'O', 'O', 'O', 'O', 'O', 'O', 'O', 'O', 'O', 'O', 'O', 'O', 'O', 'O', 'O', 'O', 'O', 'O', 'B-LOC', 'I-LOC', 'O', 'O', 'O', 'O', 'O', 'O', 'O', 'O', 'O', 'O', 'O', 'O', 'O', 'O', 'O', 'O', 'O', 'O', 'O', 'O', 'O', 'O', 'O', 'O', 'O', 'O', 'O']"
100,tudo vira terapia que vybbe essa @henryfreitas por aqui foi naquela energia fora do normal com certeza juntos entramos pra história,"['B-EVT', 'I-EVT', 'I-EVT', 'O', 'O', 'O', 'B-ART', 'O', 'O', 'O', 'O', 'O', 'O', 'O', 'O', 'O', 'O', 'O', 'O', 'O', 'O']"
101,chegou dia hoje tudo vira terapia em fortaleza na gravação do dvd do henry freitas,"['O', 'O', 'O', 'B-EVT', 'I-EVT', 'I-EVT', 'O', 'B-LOC', 'O', 'O', 'O', 'O', 'O', 'B-ART', 'I-ART']"
102,só quem fã entende quem já viveu sabe que curtir com @wesleysafadao seus grandes sucessos no festival mais amado do brasil pronto preparado querendo dia 27 de abril @garotavip promete garanta seu ingresso pontos físicos rancho do poço oscar benevides 90 mondubim fortaleza-ce lojas ponto da moda maracanaú end.: dezesseis 331 jereissati maracanaú ce 61900-230 shopping eusébio end.: e040 av eusébio de queiroz 1890 loja 10 tamatanduba eusébio ce centro end guilherme rocha 203 centro shopping rio mar kennedy end.: av sgt hermínio sampaio 3100 pres kennedy fortaleza ce messejana av frei cirilo 172 messejana fortaleza ce north shopping jóquei av lineu machado 419 jóquei clube fortaleza ce venda on-line https://www.virtualticket.com.br/eventos/garota-vip-fortaleza-2024 #garotavip #fortaleza #ceará #savethedate #sóosfortesentendem #wesleysafadão #camaroteshows #luansantana #leosantana #marierayane,"['O', 'O', 'O', 'O', 'O', 'O', 'O', 'O', 'O', 'O', 'O', 'B-ART', 'O', 'O', 'O', 'O', 'O', 'O', 'O', 'O', 'O', 'O', 'O', 'O', 'O', 'O', 'O', 'O', 'B-EVT', 'O', 'O', 'O', 'O', 'O', 'O', 'O', 'O', 'O', 'O', 'O', 'O', 'B-LOC', 'B-LOC', 'O', 'O', 'O', 'O', 'B-LOC', 'O', 'O', 'O', 'O', 'B-LOC', 'O', 'O', 'O', 'B-LOC', 'O', 'O', 'O', 'B-LOC', 'O', 'O', 'O', 'O', 'O', 'B-LOC', 'B-LOC', 'I-LOC', 'O', 'O', 'O', 'O', 'O', 'O', 'O', 'O', 'O', 'O', 'O', 'O', 'O', 'O', 'O', 'O', 'O', 'O', 'B-LOC', 'I-LOC', 'B-LOC', 'O', 'O', 'O', 'O', 'B-LOC', 'B-LOC', 'O', 'O', 'O', 'O', 'O', 'O', 'O', 'O', 'O', 'O', 'B-LOC', 'O', 'O', 'O', 'B-LINK', 'B-EVT', 'B-LOC', 'B-LOC', 'O', 'O', 'B-ART', 'O', 'B-ART', 'B-ART', 'B-ART']"
103,recadinho do terapeuta dr henry hoje tudo vira terapia em fortaleza/ce sessão marcada às 16hrs cheguem cedo #dvdhenry,"['O', 'O', 'O', 'O', 'O', 'O', 'B-EVT', 'O', 'O', 'O', 'B-LOC', 'O', 'O', 'O', 'O', 'O', 'O', 'B-ART']"
104,hoje dia do fã em especial isso conta pra gente quanto você fã de um forró de verdade zé cantor toca do vale junior vianna forró real te esperam dia 23 de março no estacionamento do cidade mix pontos de venda on-line https://brasilticket.com.br/cidade-mix-forro-de-verdade.html vendas físicas barzim da maraponga carneiro prime óticas diniz #cidademix #forró #forródeverdade #ingresso,"['O', 'O', 'O', 'O', 'O', 'O', 'O', 'O', 'O', 'O', 'O', 'O', 'O', 'O', 'O', 'B-EVT', 'I-EVT', 'I-EVT', 'B-ART', 'I-ART', 'B-ART', 'I-ART', 'I-ART', 'B-ART', 'I-ART', 'B-ART', 'I-ART', 'O', 'O', 'O', 'B-DATE', 'I-DATE', 'I-DATE', 'O', 'B-LOC', 'I-LOC', 'I-LOC', 'I-LOC', 'O', 'O', 'O', 'O', 'B-LINK', 'O', 'O', 'O', 'O', 'B-LOC', 'O', 'O', 'O', 'O', 'B-LOC', 'O', 'B-EVT', 'O']"
105,vendas presenciais partir de amanhã no escritório do @kukukaya ao lado do estacionamento corre logo que já está acabando vendas online no link da bio. #kukukaya #forrodasantigas #forropedeserra,"['O', 'O', 'O', 'O', 'O', 'O', 'O', 'O', 'O', 'O', 'O', 'O', 'O', 'O', 'O', 'O', 'O', 'O', 'O', 'O', 'O', 'O', 'O', 'O', 'O', 'B-LOC', 'O', 'O']"
106,quem já garantiu seu ingresso já sábado viu vem conferir mapa do nosso evento zé cantor toca do vale junior vianna forró real te esperam dia 23 de março no estacionamento do cidade mix pontos de venda on-line https://brasilticket.com.br/cidade-mix-forro-de-verdade.html vendas físicas barzim da maraponga carneiro prime óticas diniz #cidademix #forró #forródeverdade #táchegando,"['O', 'O', 'O', 'O', 'O', 'O', 'O', 'O', 'O', 'O', 'O', 'O', 'O', 'O', 'B-ART', 'I-ART', 'B-ART', 'I-ART', 'I-ART', 'B-ART', 'I-ART', 'B-ART', 'I-ART', 'O', 'O', 'O', 'B-DATE', 'I-DATE', 'I-DATE', 'O', 'B-LOC', 'I-LOC', 'I-LOC', 'I-LOC', 'O', 'O', 'O', 'O', 'B-LINK', 'O', 'O', 'O', 'O', 'O', 'O', 'O', 'O', 'O', 'B-LOC', 'O', 'O', 'O']"
107,henrique juliano em fortaleza 18 de maio no colosso stage adquira já seu ingresso no link da bio #henriqueejuliano,"['B-EVT', 'O', 'O', 'B-LOC', 'B-DATE', 'I-DATE', 'I-DATE', 'O', 'B-LOC', 'O', 'O', 'O', 'O', 'O', 'O', 'O', 'O', 'O', 'B-EVT']"
108,ele voltou com tudo feriadão em limoeiro fenômeno o original @nattan @zevaqueiro só vem ssvale 2024 o maior evento do interior do ceará sábado de aleluia 30 de março no @zoadashows em limoeiro que pancada de encontro vendas no link da bio,"['O', 'O', 'O', 'O', 'B-EVT', 'I-EVT', 'I-EVT', 'O', 'O', 'O', 'B-ART', 'B-ART', 'O', 'O', 'O', 'O', 'O', 'O', 'O', 'O', 'O', 'O', 'O', 'O', 'O', 'O', 'B-DATE', 'I-DATE', 'I-DATE', 'O', 'B-LOC', 'O', 'B-LOC', 'O', 'O', 'O', 'O', 'O', 'O', 'O', 'O', 'O']"
109,as vendas de ingressos físicos começam nessa quarta 20.03 já podem começar se programar avisarem os amigos que ainda não garantiram entrada óticas diniz centro praça ferreira aldeota harmony center iguatemi messejana montese jockey north shopping,"['O', 'O', 'O', 'O', 'O', 'O', 'O', 'O', 'B-DATE', 'O', 'O', 'O', 'O', 'O', 'O', 'O', 'O', 'O', 'O', 'O', 'O', 'O', 'O', 'O', 'O', 'O', 'O', 'O', 'O', 'O', 'O', 'O', 'O', 'O', 'O', 'O']"
110,preparados para um adeus memorável adquira já seu ingresso do buteco despedida fortaleza através do @baladapp garanta em até 8x no cartão abre portão que eu cheguei venda online exclusiva do @baladapp aplicativo ou baladapp.com.br acesse já https://baladapp.com.br/a/butecofortaleza2024/4742 pontos de venda físico after tickets riomar fortaleza seu domingo quintal north shopping joquei parcele em até 3x sem juros @agencia.afterobs vendas de suítes somente no contato 85 99631-1308 cadu #butecofortaleza #oembaixador #butecodespedida #fortaleza #buteco #agenciaafter,"['O', 'O', 'O', 'O', 'O', 'O', 'O', 'O', 'O', 'O', 'B-EVT', 'I-EVT', 'B-LOC', 'O', 'O', 'O', 'O', 'O', 'O', 'O', 'O', 'O', 'O', 'O', 'O', 'O', 'O', 'O', 'O', 'O', 'O', 'O', 'O', 'O', 'B-LINK', 'O', 'O', 'B-LINK', 'O', 'O', 'O', 'O', 'O', 'O', 'B-LOC', 'B-LOC', 'O', 'O', 'O', 'O', 'O', 'O', 'O', 'O', 'O', 'O', 'O', 'O', 'O', 'O', 'O', 'O', 'O', 'O', 'O', 'O', 'O', 'O', 'O', 'O', 'O', 'O', 'O', 'O']"
111,faltam só dias estamos muito próximos de curtir @avinnevinny @somdefaculdade beira mar no @praiow o @vemdeboa dia 23.03 link de ingressos na bio,"['B-EVT', 'I-EVT', 'O', 'O', 'O', 'O', 'O', 'O', 'O', 'O', 'O', 'O', 'O', 'O', 'O', 'O', 'O', 'B-DATE', 'O', 'O', 'O', 'O', 'O']"
112,o @garotavip fortaleza te espera dia 27 de abril viveremos novas emoções no estacionamento da arena castelão com nosso líder @wesleysafadao @luansantana @leosantana @marierayaneoficialdia 27 garanta seu ingresso pontos físicos rancho do poço oscar benevides 90 mondubim fortaleza-ce lojas ponto da moda maracanaú end.: dezesseis 331 jereissati maracanaú ce 61900-230 shopping eusébio end.: e040 av eusébio de queiroz 1890 loja 10 tamatanduba eusébio ce centro end guilherme rocha 203 centro shopping rio mar kennedy end.: av sgt hermínio sampaio 3100 pres kennedy fortaleza ce messejana av frei cirilo 172 messejana fortaleza ce north shopping jóquei av lineu machado 419 jóquei clube fortaleza ce venda on-line https://www.virtualticket.com.br/eventos/garota-vip-fortaleza-2024 #garotavip #fortaleza #ceará #savethedate #sóosfortesentendem #wesleysafadão #camaroteshows #luansantana #leosantana #marierayane,"['O', 'B-EVT', 'B-LOC', 'O', 'O', 'O', 'B-DATE', 'I-DATE', 'I-DATE', 'O', 'O', 'O', 'O', 'B-LOC', 'O', 'O', 'O', 'O', 'O', 'O', 'B-ART', 'B-ART', 'B-ART', 'B-ART', 'O', 'O', 'O', 'O', 'O', 'O', 'O', 'O', 'O', 'O', 'O', 'O', 'O', 'O', 'O', 'O', 'O', 'O', 'O', 'O', 'O', 'O', 'O', 'O', 'O', 'O', 'O', 'O', 'O', 'O', 'O', 'O', 'O', 'O', 'O', 'O', 'O', 'O', 'O', 'O', 'O', 'O', 'O', 'O', 'O', 'O', 'O', 'O', 'O', 'O', 'O', 'O', 'O', 'O', 'O', 'O', 'O', 'O', 'O', 'O', 'O', 'O', 'O', 'O', 'O', 'O', 'O', 'O', 'O', 'O', 'O', 'O', 'O', 'O', 'O', 'O', 'O', 'B-LOC', 'O', 'O', 'O', 'B-LINK', 'B-EVT', 'B-LOC', 'B-LOC', 'O', 'O', 'B-ART', 'O', 'B-ART', 'B-ART', 'B-ART']"
113,marca aí duas amigas que estamos de olho viu zé cantor toca do vale junior vianna forró real te esperam dia 23 de março no estacionamento do cidade mix pontos de venda on-line https://brasilticket.com.br/cidade-mix-forro-de-verdade.html vendas físicas barzim da maraponga carneiro prime óticas diniz #cidademix #forró #forródeverdade #ingresso,"['O', 'O', 'O', 'O', 'O', 'O', 'O', 'O', 'O', 'B-ART', 'I-ART', 'B-ART', 'I-ART', 'I-ART', 'B-ART', 'I-ART', 'B-ART', 'I-ART', 'O', 'O', 'O', 'B-DATE', 'I-DATE', 'I-DATE', 'O', 'B-LOC', 'I-LOC', 'I-LOC', 'I-LOC', 'O', 'O', 'O', 'O', 'B-LINK', 'O', 'O', 'O', 'O', 'O', 'O', 'O', 'O', 'O', 'B-LOC', 'O', 'O', 'O']"
114,foooco na semana santa que baguncinha 2024 está chegando no maior sábado de aleluia do interior do ceará aí partiu vendas no link da bio,"['O', 'O', 'O', 'O', 'O', 'B-EVT', 'I-EVT', 'O', 'O', 'O', 'O', 'O', 'O', 'O', 'O', 'B-LOC', 'I-LOC', 'I-LOC', 'O', 'O', 'O', 'O', 'O', 'O', 'O']"
115,se liga que vai ter dobradinha de roda de samba com grupo dtf convidados davizao @palhanosambademesasegunda partir das 19:30 terça partir das 16:30 local @paraiba.bar,"['O', 'O', 'O', 'O', 'O', 'B-EVT', 'O', 'O', 'O', 'O', 'O', 'B-ART', 'I-ART', 'I-ART', 'O', 'O', 'O', 'O', 'O', 'O', 'O', 'O', 'O', 'O', 'B-LOC']"
116,diz aí qual emoji define sua sensação de saber que dia 18 de maio @henriqueejuliano vão desembarcar em fortaleza encontro está marcado o repertório da dupla vai ser daquele jeito que gente ama fogo gasolina limite zero ingressos na mão www.limitezero.art.br,"['O', 'O', 'O', 'O', 'O', 'O', 'O', 'O', 'O', 'O', 'O', 'B-DATE', 'I-DATE', 'I-DATE', 'B-ART', 'O', 'O', 'O', 'B-LOC', 'O', 'O', 'O', 'O', 'O', 'O', 'O', 'O', 'O', 'O', 'O', 'O', 'O', 'O', 'O', 'O', 'O', 'O', 'O', 'O', 'O', 'B-LINK']"
117,@mojjo sabe como fazer da pista um lugar único cheio de energia agora imagina isso beira mar pé na areia dia 06.04 ele desembarca no @praiow os ingressos estão voando www.praiow.com.br,"['B-ART', 'O', 'O', 'O', 'O', 'O', 'O', 'O', 'O', 'O', 'O', 'O', 'O', 'O', 'O', 'O', 'O', 'O', 'O', 'O', 'O', 'B-DATE', 'O', 'O', 'O', 'B-LOC', 'O', 'O', 'O', 'O', 'B-LINK']"
118,nossa próxima terapia dia 30 de março no playa henry freitas banda evaralk baile do ed cumbuco adquira já seu ingresso no link da bio para maiores informações chama gente no direct,"['B-EVT', 'I-EVT', 'I-EVT', 'O', 'B-DATE', 'I-DATE', 'I-DATE', 'O', 'B-LOC', 'O', 'O', 'B-ART', 'I-ART', 'B-ART', 'I-ART', 'I-ART', 'B-LOC', 'O', 'O', 'O', 'O', 'O', 'O', 'O', 'O', 'O', 'O', 'O', 'O', 'O', 'O', 'O']"
119,em setembro tem vaquejada de itapebussu 2024 emoção tradição muito forró aguardam por você de 18 22 de setembro no parque novilha de prata em maranguape prepare-se para viver momentos inesquecíveis na vaquejada mais importante do brasil que será palco de competições acirradas atividades empolgantes shows musicais com grandes artistas do cenário forrozeiro #vaquejadaitapebussu #forródevaquejada #maranguape #desde1945 #vaquejadaitapebussu2024 #forró #itapebussu,"['O', 'O', 'O', 'B-EVT', 'I-EVT', 'I-EVT', 'I-EVT', 'O', 'O', 'O', 'O', 'O', 'O', 'O', 'O', 'B-DATE', 'I-DATE', 'I-DATE', 'I-DATE', 'O', 'B-LOC', 'I-LOC', 'I-LOC', 'I-LOC', 'I-LOC', 'I-LOC', 'O', 'O', 'O', 'O', 'O', 'O', 'B-EVT', 'O', 'O', 'O', 'O', 'O', 'O', 'O', 'O', 'O', 'O', 'O', 'O', 'O', 'O', 'O', 'B-ART', 'O', 'O', 'O', 'O', 'B-EVT', 'B-EVT', 'B-LOC', 'O', 'B-EVT', 'O', 'B-EVT']"
120,não perco por nada mf dando vida no dança dos famosos #mf #dançadosfamosos #globo @demusic_ #demusic,"['O', 'O', 'O', 'O', 'B-ART', 'O', 'O', 'O', 'B-EVT', 'I-EVT', 'I-EVT', 'O', 'B-EVT', 'O', 'O', 'O']"
121,últimas 24h de pré-venda exclusiva para cadastrados se você entrou para grupo seleto mas ainda não garantiu seu passe para viagem não vacila viajante que dorme no ponto não embarca ok cheque seu e-mail aperte botão que te enviamos ⠀⠀ pré-venda exclusiva para cadastrados disponível até quarta 20 às 12h00.⠀⠀wow the third travel 8 de jun marina park fortaleza ative as notificações para novas atualizações.- #festawow #energiawow #thethirdtravel #waveventos #wow,"['O', 'O', 'O', 'O', 'O', 'O', 'O', 'O', 'O', 'O', 'O', 'O', 'O', 'O', 'O', 'O', 'O', 'O', 'O', 'O', 'O', 'O', 'O', 'O', 'O', 'O', 'O', 'O', 'O', 'O', 'O', 'O', 'O', 'O', 'O', 'O', 'O', 'O', 'O', 'O', 'O', 'O', 'O', 'O', 'O', 'O', 'O', 'O', 'O', 'O', 'B-EVT', 'I-EVT', 'I-EVT', 'B-DATE', 'I-DATE', 'I-DATE', 'B-LOC', 'I-LOC', 'I-LOC', 'O', 'O', 'O', 'O', 'O', 'O', 'O', 'O', 'O', 'O', 'O']"
122,desde 1993 só pra contrariar escreve sua história com você próxima 10 de maio em fortaleza bora spc acústico - último encontro 10/05 em fortaleza no centro de eventos ceará ingressos disponíveis no link da bio do @spcacustico ou em spcacustico.com.br #spcacústico #spc #sópracontrariar #r2comspc @demusic_,"['O', 'O', 'B-ART', 'I-ART', 'O', 'O', 'O', 'O', 'O', 'O', 'O', 'B-DATE', 'I-DATE', 'I-DATE', 'O', 'B-LOC', 'O', 'B-EVT', 'I-EVT', 'O', 'O', 'O', 'B-DATE', 'O', 'B-LOC', 'O', 'B-LOC', 'O', 'O', 'B-LOC', 'O', 'O', 'O', 'O', 'O', 'O', 'O', 'B-EVT', 'O', 'O', 'B-LINK', 'B-EVT', 'B-EVT', 'B-ART', 'O', 'O']"
123,nosso amigo nattanzinho já caiu na estrada para playa cumbuco você já tá de malas prontas os ventos nos levam para um novo destino 28 29 30 de março cumbuco ce ingressos disponíveis link na bio vendas sem taxa no direct,"['O', 'O', 'O', 'O', 'O', 'O', 'O', 'O', 'B-EVT', 'I-EVT', 'O', 'O', 'O', 'O', 'O', 'O', 'O', 'O', 'O', 'O', 'O', 'O', 'O', 'O', 'B-DATE', 'I-DATE', 'I-DATE', 'I-DATE', 'I-DATE', 'B-LOC', 'I-LOC', 'O', 'O', 'O', 'O', 'O', 'O', 'O', 'O', 'O', 'O']"
124,preparem-se sábado tem lagosta batista juntos em uma noite indescritível no melhor forró da cidade não fique de fora corra garanta seu ingresso @kukukaya #kukukaya #forrodasantigas #forropedeserra,"['O', 'O', 'O', 'B-ART', 'B-ART', 'O', 'O', 'O', 'B-EVT', 'O', 'O', 'O', 'O', 'O', 'O', 'O', 'O', 'O', 'O', 'O', 'O', 'O', 'O', 'B-LOC', 'B-LOC', 'O', 'O']"
125,o trio apocalíptico que já sabem né se juntar limite zero ingressos na mão pro dia 18 de maio www.limitezero.art.br óticas diniz centro praça ferreira aldeota harmony center iguatemi messejana montese jockey north shopping,"['O', 'B-ART', 'I-ART', 'O', 'O', 'O', 'O', 'O', 'O', 'B-EVT', 'I-EVT', 'O', 'O', 'O', 'O', 'O', 'B-DATE', 'I-DATE', 'I-DATE', 'B-LINK', 'O', 'O', 'O', 'O', 'O', 'O', 'O', 'O', 'O', 'O', 'O', 'O', 'O', 'O']"
126,fortaleza data de abertura das vendas para @vemprochurrasquinho está chegando fiquem atentos porque partir do dia 27 quarta-feira vocês poderão garantir seu passaporte para churrasquinho do menos mais #vemprochurrasquinho #pagode #menosémais #grupomenosémais #churrasquinhomenosémais,"['B-LOC', 'O', 'O', 'O', 'O', 'O', 'O', 'B-EVT', 'O', 'O', 'O', 'O', 'O', 'O', 'O', 'O', 'O', 'O', 'O', 'O', 'O', 'O', 'O', 'O', 'B-EVT', 'O', 'O', 'O', 'B-EVT', 'O', 'O', 'B-ART', 'B-EVT']"
127,curte aí se você vai pro baguncinha na maior semana santa do estado do ceará na compra do seu ingresso você leva na hora um copo exclusivo do evento abadá oficial ainda parcela em 3x sem juros pontos de vendas quixeramobim casa do bebê rua abílio silva 168 burgery quixeramobim rua joel nunes 122 malluvida boutique rua cônego aureliano mota 27 farmácia fórmula verde rua teixeira de freitas 228 quixadá tella moda feminina avenida plácido castelo 2000 vendas on-line brasilticket.com.br #baguncinha2024 #semanasanta #euvou #quixeramobim #marifernandez #jonasesticado #zecantor #mateusximenes #osdonosdafesta #todomundovai,"['O', 'O', 'O', 'O', 'O', 'O', 'B-EVT', 'O', 'O', 'O', 'O', 'O', 'O', 'O', 'O', 'O', 'O', 'O', 'O', 'O', 'O', 'O', 'O', 'O', 'O', 'O', 'O', 'O', 'O', 'O', 'O', 'O', 'O', 'O', 'O', 'O', 'O', 'O', 'O', 'O', 'B-LOC', 'O', 'O', 'O', 'O', 'O', 'O', 'O', 'O', 'B-LOC', 'O', 'O', 'O', 'O', 'O', 'O', 'O', 'O', 'O', 'O', 'O', 'O', 'O', 'O', 'O', 'O', 'O', 'O', 'O', 'O', 'O', 'O', 'O', 'O', 'O', 'O', 'O', 'O', 'O', 'B-LINK', 'B-EVT', 'O', 'O', 'O', 'O', 'B-ART', 'B-ART', 'B-ART', 'B-ART', 'O']"
128,zé cantor já está te acionando para viver um forró de verdade zé cantor toca do vale junior vianna forró real te esperam dia 23 de março no estacionamento do cidade mix para dançarmos um forrózinho bom o pontos de venda on-line https://brasilticket.com.br/cidade-mix-forro-de-verdade.html ⁠vendas físicas barzim da maraponga carneiro prime óticas diniz #cidademix #forró #forródeverdade #zécantor,"['B-ART', 'I-ART', 'O', 'O', 'O', 'O', 'O', 'O', 'O', 'B-EVT', 'O', 'O', 'B-ART', 'I-ART', 'B-ART', 'I-ART', 'I-ART', 'B-ART', 'I-ART', 'B-ART', 'I-ART', 'O', 'O', 'O', 'B-DATE', 'I-DATE', 'I-DATE', 'O', 'B-LOC', 'I-LOC', 'I-LOC', 'I-LOC', 'O', 'O', 'O', 'O', 'O', 'O', 'O', 'O', 'O', 'O', 'B-LINK', 'O', 'O', 'O', 'O', 'O', 'O', 'O', 'O', 'O', 'B-LOC', 'O', 'O', 'B-ART']"
129,virada de lote vista amanhã 21 teremos uma virada de lote os ingressos estão voando corre avise os amigos www.praiow.com.br,"['O', 'O', 'O', 'O', 'O', 'O', 'O', 'O', 'O', 'O', 'O', 'O', 'O', 'O', 'O', 'O', 'O', 'O', 'O', 'B-LINK']"
130,o lote está quase esgotando @vemdeboa porque neste sábado 23 teremos @avinevinny @somdefaculdade @carolssantosreal no @praiow ingressos www.praiow.com.br,"['O', 'O', 'O', 'O', 'O', 'O', 'O', 'O', 'O', 'O', 'O', 'O', 'O', 'O', 'O', 'B-LOC', 'O', 'B-LINK']"
131,esgotamos mas energia que vamos criar juntos vai ser ilimitada @sorrisoasantigas fortaleza/ce 6 de abril marina park #sorrisoasantigasfortaleza #d&emusic @demusic_,"['O', 'O', 'O', 'O', 'O', 'O', 'O', 'O', 'O', 'O', 'B-EVT', 'O', 'O', 'O', 'O', 'B-LOC', 'O', 'O', 'O', 'O']"
132,ei fortaleza não se esqueça dia 10 de maio nosso encontro está marcado na última turnê do só pra contrariar acústico spc acústico - último encontro 10/05 em fortaleza no centro de eventos ceará ingressos disponíveis no link da bio do @spcacustico ou em spcacustico.com.br #spcacústico #spc #sópracontrariar #r2comspc @demusic_,"['O', 'O', 'O', 'O', 'O', 'O', 'B-DATE', 'I-DATE', 'I-DATE', 'O', 'O', 'O', 'O', 'O', 'O', 'O', 'O', 'B-ART', 'I-ART', 'I-ART', 'O', 'B-EVT', 'I-EVT', 'O', 'O', 'O', 'B-DATE', 'O', 'B-LOC', 'O', 'B-LOC', 'I-LOC', 'I-LOC', 'I-LOC', 'O', 'O', 'O', 'O', 'O', 'O', 'O', 'B-EVT', 'O', 'O', 'B-LINK', 'B-EVT', 'B-EVT', 'B-ART', 'O', 'O']"
133,status alterado esperando fortaleza quem mais tá assim pega guanabara vem seguir líder no festival mais amado do brasil fortaleza vai parar em mais uma edição histórica do nosso @garotavip dia 27 de abril com @wesleysafadao @luansantana @leosantana @marierayaneoficial garanta seu ingresso pontos físicos rancho do poço oscar benevides 90 mondubim fortaleza-ce lojas ponto da moda maracanaú end.: dezesseis 331 jereissati maracanaú ce 61900-230 shopping eusébio end.: e040 av eusébio de queiroz 1890 loja 10 tamatanduba eusébio ce centro end guilherme rocha 203 centro shopping rio mar kennedy end.: av sgt hermínio sampaio 3100 pres kennedy fortaleza ce messejana av frei cirilo 172 messejana fortaleza ce north shopping jóquei av lineu machado 419 jóquei clube fortaleza ce venda on-line https://www.virtualticket.com.br/eventos/garota-vip-fortaleza-2024 #garotavip #fortaleza #ceará #savethedate #sóosfortesentendem #wesleysafadão #camaroteshows #luansantana #leosantana #marierayane,"['O', 'O', 'O', 'B-LOC', 'O', 'O', 'O', 'O', 'O', 'O', 'O', 'O', 'O', 'O', 'O', 'O', 'O', 'O', 'O', 'O', 'O', 'O', 'O', 'O', 'O', 'O', 'O', 'O', 'O', 'B-EVT', 'O', 'B-DATE', 'I-DATE', 'I-DATE', 'O', 'B-ART', 'B-ART', 'B-ART', 'B-ART', 'O', 'O', 'O', 'O', 'O', 'O', 'O', 'O', 'O', 'O', 'O', 'O', 'O', 'O', 'O', 'O', 'O', 'O', 'O', 'O', 'O', 'B-LOC', 'B-LOC', 'O', 'O', 'O', 'B-LOC', 'O', 'O', 'O', 'B-LOC', 'O', 'O', 'O', 'O', 'O', 'O', 'B-LOC', 'I-LOC', 'O', 'O', 'O', 'O', 'O', 'O', 'O', 'B-LOC', 'I-LOC', 'I-LOC', 'O', 'O', 'O', 'O', 'O', 'O', 'O', 'O', 'B-LOC', 'O', 'B-LOC', 'O', 'O', 'O', 'O', 'B-LOC', 'B-LOC', 'I-LOC', 'O', 'O', 'O', 'O', 'O', 'O', 'O', 'O', 'O', 'B-LOC', 'I-LOC', 'O', 'O', 'B-LINK', 'O', 'B-LOC', 'B-LOC', 'O', 'O', 'B-ART', 'O', 'B-ART', 'B-ART', 'B-ART']"
134,tripulação 3 confirmada #wow2024 agora nossa nave está pronta para decolar time de comandantes está completo para assumir terceira viagem que iremos fazer juntos você viajante está pronto portas em automático ⠀⠀⠀ wow 2024 the third travel @liulive @eliiwasa @brunofurlan @fatsyncmusic @saviomusic @twonottymusic @vylowmusic b2b @ruddekmusic ⠀⠀⠀ 8 de jun marina park fortaleza vendas amanhã 25 às 12h00 festawow.com.br #festawow #energiawow #thethirdtravel #waveventos #wow #owleventos,"['O', 'O', 'O', 'B-EVT', 'O', 'O', 'O', 'O', 'O', 'O', 'O', 'O', 'O', 'O', 'O', 'O', 'O', 'O', 'O', 'O', 'O', 'O', 'O', 'O', 'O', 'O', 'O', 'O', 'O', 'O', 'O', 'O', 'B-EVT', 'I-EVT', 'I-EVT', 'I-EVT', 'I-EVT', 'B-ART', 'B-ART', 'B-ART', 'B-ART', 'B-ART', 'B-ART', 'B-ART', 'O', 'O', 'O', 'B-DATE', 'I-DATE', 'I-DATE', 'B-LOC', 'I-LOC', 'B-LOC', 'O', 'O', 'O', 'O', 'O', 'B-LINK', 'O', 'O', 'B-EVT', 'B-EVT', 'B-EVT', 'B-EVT']"
135,já garantiu ingresso pro @somoslimitezero aproveite feriado adquira seu não fique de fora 18 de maio henrique julianonattan www.limitezero.art.br óticas diniz centro praça ferreira aldeota harmony center iguatemi messejana montese jockey north shopping #henriqueejuliano,"['O', 'O', 'O', 'O', 'B-EVT', 'O', 'O', 'O', 'O', 'O', 'O', 'O', 'O', 'B-DATE', 'I-DATE', 'I-DATE', 'B-ART', 'O', 'B-LINK', 'B-LOC', 'I-LOC', 'O', 'O', 'O', 'O', 'O', 'O', 'O', 'O', 'O', 'O', 'O', 'B-ART', 'O']"
136,nossa próxima terapia sábado 30 de março no playa lote vai virar adquira já seu ingresso no link da bio para maiores informações chama gente no direct.henry freitas banda evaralk baile do ed cumbuco,"['O', 'O', 'O', 'O', 'B-DATE', 'I-DATE', 'I-DATE', 'O', 'B-LOC', 'O', 'O', 'O', 'O', 'O', 'O', 'O', 'O', 'O', 'O', 'O', 'O', 'O', 'O', 'O', 'O', 'O', 'O', 'O', 'O', 'O', 'B-EVT', 'I-EVT', 'I-EVT', 'I-EVT']"
137,presenteie sua mãe com uma noite cheia de ritmo alegria ao som contagiante de beto barbosa neste mês especial mães merecem melhor local círculo militar de fortaleza ingresso outgo.com.br 85 99796-4882,"['B-EVT', 'I-EVT', 'I-EVT', 'I-EVT', 'I-EVT', 'I-EVT', 'I-EVT', 'I-EVT', 'I-EVT', 'O', 'O', 'O', 'O', 'O', 'B-ART', 'I-ART', 'O', 'O', 'O', 'O', 'O', 'O', 'O', 'B-LOC', 'I-LOC', 'I-LOC', 'I-LOC', 'O', 'B-LINK', 'O', 'O']"
138,está quase tudo pronto para nossa decolagem mas ainda falta saber quem são os tripulantes que irão comandar nave ⠀⠀ fiquem atentos hoje às 20h00 no feed vamos liberar tão esperado line ⠀⠀wow the third travel 8 de jun marina park fortaleza vendas amanhã 25 às 12h00 festawow.com.br #festawow #energiawow #thethirdtravel #waveventos #wow #owleventos,"['O', 'O', 'O', 'O', 'O', 'O', 'O', 'O', 'O', 'O', 'O', 'O', 'O', 'O', 'O', 'O', 'O', 'O', 'O', 'O', 'O', 'O', 'O', 'O', 'O', 'O', 'O', 'O', 'O', 'O', 'O', 'O', 'O', 'O', 'O', 'O', 'B-DATE', 'I-DATE', 'I-DATE', 'B-LOC', 'I-LOC', 'B-LOC', 'O', 'O', 'O', 'O', 'O', 'B-LINK', 'B-EVT', 'B-EVT', 'B-EVT', 'B-EVT', 'B-EVT', 'B-EVT']"
139,sem dúvidas melhor lugar para curtir noite de fortaleza vem aproveitar se divertir aqui no seu dedé cuidaa @seudedebotequim #vemproseudedé av pontes vieira 1700 são joão do tatuapé fortaleza ce,"['O', 'O', 'O', 'O', 'O', 'O', 'O', 'O', 'B-LOC', 'O', 'O', 'O', 'O', 'O', 'O', 'B-LOC', 'I-LOC', 'O', 'O', 'O', 'O', 'O', 'O', 'O', 'O', 'O', 'O', 'O', 'B-LOC', 'I-LOC']"
140,esgotado isso @kukukaya,"['O', 'O', 'B-EVT']"
141,nosso encarregado para assuntos especiais foi visto no navio da só track boa que ele foi buscar line será wow the third travel 8 de jun marina park fortaleza vendas partir de seg 25/mar festawow.com.br #festawow #energiawow #thethirdtravel #waveventos #owleventos #wow,"['O', 'O', 'O', 'O', 'O', 'O', 'O', 'O', 'O', 'O', 'O', 'O', 'O', 'O', 'O', 'O', 'O', 'O', 'O', 'O', 'B-EVT', 'I-LOC', 'I-LOC', 'B-DATE', 'I-DATE', 'I-DATE', 'B-LOC', 'I-LOC', 'B-LOC', 'O', 'O', 'O', 'O', 'B-DATE', 'B-LINK', 'B-EVT', 'B-EVT', 'B-EVT', 'B-EVT', 'B-EVT', 'B-EVT']"
142,o último encontro do spc tá chegando a gente quer saber será que você já sabe de todos os detalhes arrasta pro lado confira todas as novidades sobre turnê do @spcacustico não se esqueça de garantir seu ingresso spc acústico - último encontro 10/05 em fortaleza no centro de eventos ceará ingressos disponíveis no link da bio do @spcacustico ou em spcacustico.com.br #spcacústico #spc #sópracontrariar #r2comspc @demusic_,"['O', 'O', 'O', 'O', 'B-ART', 'O', 'O', 'O', 'O', 'O', 'O', 'O', 'O', 'O', 'O', 'O', 'O', 'O', 'O', 'O', 'O', 'O', 'O', 'O', 'O', 'O', 'O', 'O', 'O', 'O', 'B-EVT', 'O', 'O', 'O', 'O', 'O', 'O', 'O', 'B-ART', 'O', 'O', 'O', 'O', 'B-DATE', 'O', 'O', 'O', 'B-LOC', 'I-LOC', 'I-LOC', 'I-LOC', 'O', 'O', 'O', 'O', 'O', 'O', 'O', 'B-EVT', 'O', 'O', 'B-LINK', 'B-EVT', 'B-EVT', 'B-ART', 'O', 'O']"
143,é hoje @kukukaya bilheteria aberta partir das 20h,"['O', 'O', 'B-LOC', 'O', 'O', 'O', 'O', 'O']"
144,nossa próxima terapia sábado 30 de março no playa henry freitas banda evaralk baile do ed cumbuco adquira já seu ingresso no link da bio para maiores informações chama gente no direct,"['O', 'O', 'O', 'O', 'B-DATE', 'I-DATE', 'I-DATE', 'B-LOC', 'I-LOC', 'I-LOC', 'I-LOC', 'B-ART', 'I-ART', 'B-EVT', 'I-EVT', 'I-EVT', 'B-LOC', 'O', 'O', 'O', 'O', 'O', 'O', 'O', 'O', 'O', 'O', 'O', 'O', 'O', 'O', 'O']"
145,fortaleza se prepara pra viver uma noite com rainha do samba alcione 1 de junho shopping salinas garanta seu ingresso alcione grafcarlos.com óticas diniz iguatemi north shopping,"['B-LOC', 'O', 'O', 'O', 'O', 'O', 'O', 'O', 'B-EVT', 'I-EVT', 'I-EVT', 'B-ART', 'B-DATE', 'I-DATE', 'I-DATE', 'B-LOC', 'O', 'O', 'O', 'O', 'B-ART', 'B-LINK', 'O', 'O', 'O', 'O', 'B-LOC']"
146,é hojevem de boa porque temos um encontro marcado no @praiow com @avinevinny @somdefaculdade @crissantosreal ingressos na mão www.praiow.com.br,"['O', 'O', 'O', 'O', 'O', 'O', 'O', 'O', 'O', 'O', 'B-LOC', 'O', 'B-ART', 'B-ART', 'B-ART', 'O', 'O', 'O', 'B-LINK']"
147,chegou granda dia hoje noite que vai marcar fortaleza com muito forró de verdade zé cantor toca do vale junior vianna forró real te esperam hoje no estacionamento do cidade mix pontos de venda on-line https://brasilticket.com.br/cidade-mix-forro-de-verdade.html ⁠vendas físicas barzim da maraponga carneiro prime óticas diniz #cidademix #forró #forródeverdade #éhoje,"['O', 'B-EVT', 'I-EVT', 'O', 'O', 'O', 'O', 'O', 'B-LOC', 'O', 'O', 'O', 'O', 'O', 'B-ART', 'I-ART', 'B-ART', 'I-ART', 'I-ART', 'B-ART', 'I-ART', 'B-ART', 'I-ART', 'O', 'O', 'O', 'O', 'B-LOC', 'I-LOC', 'I-LOC', 'I-LOC', 'O', 'O', 'O', 'O', 'B-LINK', 'O', 'O', 'O', 'O', 'O', 'O', 'O', 'O', 'O', 'B-LOC', 'O', 'O', 'O']"
148,@somdefaculdade comentou um pouquinho das expectativas pro nosso encontro de hoje no @praiow ingressos já garantidos corre porque tá chegando www.praiow.com.br,"['B-ART', 'O', 'O', 'O', 'O', 'O', 'O', 'O', 'B-EVT', 'O', 'O', 'O', 'B-LOC', 'O', 'O', 'O', 'O', 'O', 'O', 'O', 'B-LINK']"
149,amanhã teremos #vemdeboa no @praiow como de costume há algumas regras básicas para transformar nosso encontro especial a ordem dos artistas também já estão definidos arraste pro lado quem não garantiu entrada corre porque ainda dá tempo www.praiow.com.br,"['O', 'O', 'B-EVT', 'O', 'B-LOC', 'O', 'O', 'O', 'O', 'O', 'O', 'O', 'O', 'O', 'O', 'O', 'O', 'O', 'O', 'O', 'O', 'O', 'O', 'O', 'O', 'O', 'O', 'O', 'O', 'O', 'O', 'O', 'O', 'O', 'O', 'O', 'O', 'B-LINK']"
150,finalmente sextou chegou quem vai estar igual @nattan naquela resenha em casa só com os sucessos aproveite fim de semana garanta sua entrada pro nosso encontro dia 18 de maio www.limitezero.art.br óticas diniz centro praça ferreira aldeota harmony center iguatemi messejana montese jockey north shopping,"['O', 'O', 'O', 'O', 'O', 'O', 'O', 'B-ART', 'O', 'O', 'O', 'O', 'O', 'O', 'O', 'O', 'O', 'O', 'O', 'O', 'O', 'O', 'O', 'O', 'O', 'O', 'O', 'B-DATE', 'I-DATE', 'I-DATE', 'B-LINK', 'B-LOC', 'I-LOC', 'O', 'O', 'O', 'O', 'O', 'O', 'O', 'B-LOC', 'B-LOC', 'O', 'B-LOC', 'I-LOC']"
151,o fenômeno jonas esticado sucesso absoluto na edição 2020 do baguncinha promete um show inesquecível na maior semana santa do ceará aí já garantiu seu passaporte na compra do seu ingresso você leva na hora um copo exclusivo do evento abadá oficial ainda parcela em 3x sem juros pontos de vendas quixeramobim casa do bebê rua abílio silva 168 burgery quixeramobim rua joel nunes 122 malluvida boutique rua cônego aureliano mota 27 farmácia fórmula verde rua teixeira de freitas 228 quixadá tella moda feminina avenida plácido castelo 2000 vendas on-line brasilticket.com.br #baguncinha2024 #semanasanta #euvou #quixeramobim #marifernandez #jonasesticado #zecantor #mateusximenes #osdonosdafesta #todomundovai,"['O', 'O', 'B-ART', 'O', 'O', 'O', 'O', 'O', 'O', 'O', 'B-EVT', 'O', 'O', 'O', 'O', 'O', 'O', 'O', 'O', 'O', 'O', 'O', 'O', 'O', 'O', 'O', 'O', 'O', 'O', 'O', 'O', 'O', 'O', 'O', 'O', 'O', 'O', 'O', 'O', 'O', 'O', 'O', 'O', 'O', 'O', 'O', 'O', 'O', 'O', 'O', 'O', 'O', 'O', 'O', 'O', 'O', 'O', 'O', 'O', 'O', 'B-LOC', 'O', 'O', 'O', 'O', 'O', 'O', 'O', 'O', 'O', 'O', 'O', 'O', 'O', 'O', 'O', 'O', 'O', 'O', 'O', 'O', 'O', 'O', 'O', 'O', 'O', 'O', 'O', 'O', 'O', 'B-LINK', 'B-EVT', 'O', 'O', 'O', 'O', 'B-ART', 'B-ART', 'B-ART', 'B-ART', 'O']"
152,a espera acabou está disponível em nosso canal https://www.youtube.com/ @seudesejo cama de solteiro primeira faixa do dvd nosso tempo agora assistam sem moderação @seudesejo @yaratche @aledesejo @camaroteshows #seudesejo #lançamento #camadesolteiro #yaratchê #alessandrocosta #nossotempoéagora,"['O', 'O', 'O', 'O', 'O', 'O', 'O', 'O', 'B-LINK', 'O', 'O', 'O', 'O', 'O', 'O', 'O', 'O', 'O', 'O', 'O', 'O', 'O', 'O', 'O', 'B-ART', 'O', 'O', 'O', 'O', 'O', 'O', 'B-ART', 'O']"
153,é amanhã uauuuu estamos pertinho de viver essa incrível noite com muito forró de zé cantor toca do vale junior vianna forró real amanhã estamos te esperando no estacionamento do cidade mix pontos de venda on-line https://brasilticket.com.br/cidade-mix-forro-de-verdade.html ⁠vendas físicas barzim da maraponga carneiro prime óticas diniz #cidademix #forró #forródeverdade #zécantor,"['O', 'O', 'O', 'O', 'O', 'O', 'O', 'O', 'O', 'O', 'O', 'O', 'O', 'O', 'B-ART', 'I-ART', 'B-ART', 'I-ART', 'I-ART', 'B-ART', 'I-ART', 'O', 'O', 'O', 'O', 'O', 'O', 'O', 'B-LOC', 'I-LOC', 'I-LOC', 'I-LOC', 'O', 'O', 'O', 'O', 'B-LINK', 'O', 'O', 'O', 'O', 'O', 'O', 'O', 'B-LOC', 'I-LOC', 'B-EVT', 'O', 'B-EVT', 'B-ART']"
154,ai que saudade de um beija-flor 18 de maio henrique juliano nattan vendas online no link da bio óticas diniz centro praça ferreira aldeota harmony center iguatemi messejana montese jockey north shopping #henriqueejuliano #floreobeijaflor,"['O', 'O', 'O', 'O', 'O', 'O', 'B-DATE', 'I-DATE', 'I-DATE', 'B-ART', 'B-ART', 'B-ART', 'O', 'O', 'O', 'O', 'O', 'O', 'B-LOC', 'I-LOC', 'B-LOC', 'B-LOC', 'I-LOC', 'B-LOC', 'O', 'O', 'O', 'B-LOC', 'B-LOC', 'O', 'O', 'O', 'B-ART', 'O']"
155,me entreguei de corpo inteiromesmo assim você quis outro alguém @vemprochurrasquinho 22 de jun colosso fortaleza link com desconto na bio ingressos venda no link da bio nas lojas skyler dos shoppings parangaba rio mar kennedy iguatemi #vemprochurrasquinho #pagode #menosémais #grupomenosémais #churrasquinhomenosémais,"['O', 'O', 'O', 'O', 'O', 'O', 'O', 'O', 'O', 'O', 'B-EVT', 'B-DATE', 'I-DATE', 'I-DATE', 'B-LOC', 'B-LOC', 'O', 'O', 'O', 'O', 'O', 'O', 'O', 'O', 'O', 'O', 'O', 'O', 'O', 'O', 'O', 'O', 'B-LOC', 'B-LOC', 'I-LOC', 'O', 'O', 'O', 'O', 'O', 'B-ART', 'O']"
156,eu implorei pra voltar 18 de maio henrique julianonattan vendas online no link da bio óticas diniz centro praça ferreira aldeota harmony center iguatemi messejana montese jockey north shopping #henriqueejuliano,"['O', 'O', 'O', 'O', 'B-DATE', 'I-DATE', 'I-DATE', 'B-EVT', 'O', 'O', 'O', 'O', 'O', 'O', 'O', 'O', 'O', 'B-LOC', 'B-LOC', 'I-LOC', 'B-LOC', 'O', 'O', 'B-LOC', 'B-LOC', 'B-LOC', 'B-LOC', 'B-LOC', 'I-LOC', 'B-EVT']"
157,atenção passageiros aqui a #tripulação003 que vos fala arraste para lado confira um pouco do que iremos entregar vocês no dia 08/jun estejam cientes de que tudo isso apenas uma fração do que viveremos juntos na terceira viagem vocês estão prontos ⠀⠀⠀⠀garanta agora seu cartão de embarque festawow.com.br⠀⠀⠀⠀ wow 2024 the third travel @liulive @eliiwasa @brunofurlan @fatsyncmusic @saviomusic @twonottymusic @vylowmusic b2b @ruddekmusic⠀⠀⠀⠀ 8 de jun marina park fortaleza #festawow #energiawow #thethirdtravel #waveventos #wow #owleventos #tripulação003,"['O', 'O', 'O', 'O', 'O', 'O', 'O', 'O', 'O', 'O', 'O', 'O', 'O', 'O', 'O', 'O', 'O', 'O', 'O', 'O', 'O', 'B-DATE', 'O', 'O', 'O', 'O', 'O', 'O', 'O', 'O', 'O', 'O', 'O', 'O', 'O', 'O', 'O', 'O', 'O', 'O', 'O', 'O', 'O', 'O', 'O', 'O', 'O', 'B-LINK', 'B-EVT', 'I-EVT', 'I-EVT', 'I-EVT', 'I-EVT', 'B-ART', 'B-ART', 'B-ART', 'B-ART', 'B-ART', 'B-ART', 'B-ART', 'O', 'B-ART', 'B-DATE', 'I-DATE', 'I-DATE', 'B-LOC', 'I-LOC', 'B-LOC', 'B-EVT', 'B-EVT', 'B-EVT', 'B-EVT', 'B-EVT', 'B-EVT', 'O']"
158,henry freitas volta ao ceará após 15 dias do seu dvd faz show histórico no sábado de playa cumbuco até as 07:00 da manhã ingressos esgotados. #henryfreitas,"['B-ART', 'I-ART', 'O', 'O', 'B-LOC', 'O', 'O', 'O', 'O', 'O', 'O', 'O', 'B-EVT', 'O', 'O', 'O', 'O', 'B-LOC', 'I-LOC', 'O', 'O', 'O', 'O', 'O', 'O', 'O', 'B-ART']"
159,alô fortaleza vem aívirada de lote garanta já seu ingresso para @garotavip curta festival mais amado do brasil a partir de segunda-feira 8 de abril novos valores pronto preparado querendo dia 27 de abril promete garanta seu ingresso pontos físicos rancho do poço oscar benevides 90 mondubim fortaleza-ce lojas ponto da moda maracanaú end.: dezesseis 331 jereissati maracanaú ce 61900-230 shopping eusébio end.: e040 av eusébio de queiroz 1890 loja 10 tamatanduba eusébio ce centro end guilherme rocha 203 centro shopping rio mar kennedy end.: av sgt hermínio sampaio 3100 pres kennedy fortaleza ce messejana av frei cirilo 172 messejana fortaleza ce north shopping jóquei av lineu machado 419 jóquei clube fortaleza ce venda on-line https://www.virtualticket.com.br/eventos/garota-vip-fortaleza-2024 #garotavip #fortaleza #ceará #sóosfortesentendem #wesleysafadão #camaroteshows #luansantana #leosantana #marierayane,"['O', 'B-LOC', 'O', 'O', 'O', 'O', 'O', 'O', 'O', 'O', 'O', 'B-EVT', 'O', 'O', 'O', 'O', 'O', 'O', 'O', 'O', 'O', 'O', 'B-DATE', 'I-DATE', 'I-DATE', 'O', 'O', 'O', 'O', 'O', 'O', 'O', 'O', 'O', 'O', 'O', 'O', 'O', 'O', 'O', 'B-LOC', 'I-LOC', 'I-LOC', 'I-LOC', 'I-LOC', 'I-LOC', 'I-LOC', 'I-LOC', 'O', 'O', 'O', 'O', 'B-LOC', 'O', 'O', 'O', 'B-LOC', 'B-LOC', 'I-LOC', 'O', 'O', 'B-LOC', 'O', 'O', 'O', 'B-LOC', 'O', 'O', 'O', 'O', 'O', 'O', 'B-LOC', 'I-LOC', 'O', 'O', 'O', 'O', 'O', 'O', 'O', 'B-LOC', 'I-LOC', 'O', 'O', 'O', 'O', 'O', 'O', 'O', 'O', 'O', 'B-LOC', 'I-LOC', 'B-LOC', 'O', 'O', 'O', 'O', 'B-LOC', 'B-LOC', 'I-LOC', 'O', 'O', 'O', 'O', 'O', 'O', 'O', 'O', 'O', 'B-LOC', 'I-LOC', 'O', 'O', 'B-LINK', 'B-EVT', 'B-LOC', 'B-LOC', 'O', 'B-ART', 'O', 'B-ART', 'B-ART', 'B-ART']"
160,próximo sábado nos encontramos no @sorrisoasantigas @marinaparkhotel ingressos esgotados #sorrisomaroto,"['O', 'O', 'O', 'O', 'O', 'B-EVT', 'B-LOC', 'O', 'O', 'O']"
161,quem disse que não existe festival perfeito não conhece @garotvip fortaleza viverá experiências únicas com nosso líder @wesleysafadao @luansantana @leosantana @marierayaneoficial sábado 27 de abril no estacionamento da arena castelão garanta seu ingresso pontos físicos rancho do poço oscar benevides 90 mondubim fortaleza-ce lojas ponto da moda maracanaú end.: dezesseis 331 jereissati maracanaú ce 61900-230 shopping eusébio end.: e040 av eusébio de queiroz 1890 loja 10 tamatanduba eusébio ce centro end guilherme rocha 203 centro shopping rio mar kennedy end.: av sgt hermínio sampaio 3100 pres kennedy fortaleza ce messejana av frei cirilo 172 messejana fortaleza ce north shopping jóquei av lineu machado 419 jóquei clube fortaleza ce venda on-line https://www.virtualticket.com.br/eventos/garota-vip-fortaleza-2024 #garotavip #fortaleza #ceará #savethedate #sóosfortesentendem #wesleysafadão #camaroteshows #luansantana #leosantana #marierayane,"['O', 'O', 'O', 'O', 'O', 'O', 'O', 'O', 'O', 'O', 'B-LOC', 'O', 'O', 'O', 'O', 'O', 'O', 'B-ART', 'B-ART', 'B-ART', 'B-ART', 'O', 'B-DATE', 'I-DATE', 'I-DATE', 'O', 'B-LOC', 'I-LOC', 'I-LOC', 'I-LOC', 'O', 'O', 'O', 'O', 'O', 'O', 'O', 'O', 'O', 'O', 'O', 'O', 'B-LOC', 'O', 'O', 'O', 'O', 'B-LOC', 'O', 'O', 'O', 'B-LOC', 'B-LOC', 'I-LOC', 'O', 'O', 'B-LOC', 'O', 'O', 'O', 'B-LOC', 'O', 'O', 'O', 'O', 'O', 'O', 'B-LOC', 'I-LOC', 'O', 'O', 'O', 'O', 'O', 'O', 'O', 'B-LOC', 'I-LOC', 'O', 'O', 'O', 'O', 'O', 'O', 'O', 'O', 'O', 'B-LOC', 'I-LOC', 'O', 'O', 'O', 'O', 'O', 'B-LOC', 'B-LOC', 'O', 'O', 'O', 'O', 'O', 'O', 'O', 'O', 'O', 'O', 'B-LOC', 'I-LOC', 'O', 'O', 'B-LINK', 'B-EVT', 'B-LOC', 'B-LOC', 'O', 'O', 'B-ART', 'O', 'B-ART', 'B-ART', 'B-ART']"
162,chegou grande dia hoje limoeiro para tudo eita forrozão gigante @guilhermedantasoficial @tarcisiodoacordeon @zevaqueiro @nattan,"['O', 'O', 'O', 'O', 'O', 'O', 'O', 'O', 'O', 'O', 'B-ART', 'B-ART', 'B-ART', 'B-ART']"
163,marque os seus amigos que vão curtir com você mais uma edição do churrasquinho do menos mais em fortaleza @vemprochurrasquinho 22 de jun colosso fortaleza ingressos venda site da @ingresse nas lojas skyler dos shoppings parangaba rio mar kennedy iguatemi #vemprochurrasquinho #pagode #menosémais #grupomenosémais #churrasquinhomenosémais,"['O', 'O', 'O', 'O', 'O', 'O', 'O', 'O', 'O', 'O', 'O', 'O', 'O', 'B-EVT', 'I-EVT', 'I-EVT', 'I-EVT', 'O', 'B-LOC', 'B-EVT', 'B-DATE', 'I-DATE', 'I-DATE', 'B-LOC', 'B-LOC', 'O', 'O', 'O', 'O', 'O', 'O', 'O', 'O', 'O', 'O', 'O', 'O', 'O', 'O', 'O', 'B-EVT', 'B-ART', 'O', 'O', 'O']"
164,chegou grande dia hoje casa de shows arreio de prata em quixeramobim vai ser palco do maior sábado de aleluia do ceará prepara look convida os amigos porque iremos iniciar às 18h00min vamos até dia amanhecer pontos de vendas quixeramobim casa do bebê rua abílio silva 168 burgery quixeramobim rua joel nunes 122 malluvida boutique rua cônego aureliano mota 27 farmácia fórmula verde rua teixeira de freitas 228 quixadá tella moda feminina avenida plácido castelo 2000 vendas on-line brasilticket.com.br #baguncinha2024 #semanasanta #euvou #quixeramobim #marifernandez #jonasesticado #zecantor #mateusximenes #osdonosdafesta #todomundovai,"['B-EVT', 'O', 'O', 'O', 'B-LOC', 'I-LOC', 'I-LOC', 'I-LOC', 'I-LOC', 'I-LOC', 'I-LOC', 'I-LOC', 'O', 'O', 'O', 'O', 'O', 'O', 'O', 'O', 'O', 'O', 'O', 'O', 'O', 'O', 'O', 'O', 'O', 'O', 'O', 'O', 'O', 'O', 'O', 'O', 'O', 'O', 'O', 'B-LOC', 'B-LOC', 'O', 'O', 'O', 'O', 'O', 'O', 'O', 'O', 'O', 'O', 'O', 'O', 'O', 'O', 'O', 'O', 'O', 'O', 'O', 'O', 'O', 'O', 'O', 'O', 'O', 'O', 'B-LOC', 'O', 'O', 'O', 'O', 'O', 'O', 'O', 'O', 'O', 'O', 'B-LINK', 'O', 'O', 'O', 'B-LOC', 'B-ART', 'B-ART', 'B-ART', 'B-ART', 'B-ART', 'O']"
165,"se liga nessas promoções do @butecomaraponga todo domingo tem torre de caipirinha litro promocional r$ 14,9 open bar de cerveja por r$ 39,9 todos os drinks do cardápio com 50% de desconto promoções válidas até 19 horas muito samba pagode av godofredo maciel 2705","['O', 'O', 'O', 'O', 'O', 'O', 'O', 'O', 'O', 'O', 'O', 'O', 'O', 'O', 'O', 'O', 'O', 'O', 'O', 'O', 'O', 'O', 'O', 'O', 'O', 'O', 'O', 'O', 'O', 'O', 'O', 'O', 'O', 'O', 'O', 'O', 'O', 'O', 'O', 'O', 'O', 'O', 'O', 'O']"
